comment,sentiment
"现有并网风电站低电压穿越测试装置采用电抗器投切的方式模拟测试点电压故障,在实验过程中断路器投切大电感负载时会产生频率较高幅值较大的暂态操作过电压,严重危害电力设备安全。为此,文中以风电站内现有蓄电池组和超级电容器组成的混合储能设备为基础,应用状态平均法建立并网风电站数学模型,提出对混合储能设备电压、电流环分别进行控制的改进模糊自适应PID控制方法,借此实现对测试实验过程中暂态过电压的优化控制。通过在MATLAB平台与常规型PID控制策略的同类系统对比分析表明,采用改进模糊自适应PID控制策略的混合储能设备具有更短的暂态过电压动态响应时间与更强的稳定性,能够有效抑制过电压,保障测试实验过程中设备的安全运行。",1
"传统的二、三电平变换器无法满足高电压、大容量光伏发电系统的要求,因此提出一种基于模块化多电平拓扑(MMC)的光伏发电系统。在此系统中,光伏阵列通过Boost电路后集成于MMC的各个子模块中,这样将有效地降低了开关管的电流应力和电压应力,并且增加了系统的电压和容量。针对系统的控制策略进行研究,通过改变子模块Boost电路中开关管的占空比来稳定子模块电容电压,并网系统的MPPT控制和并网控制则通过逆变电路来实现。此外,提出了该系统的保护控制策略。最后,搭建基于MMC光伏并网发电系统的仿真模型和实验样机,仿真和实验结果有效地证明了控制策略的正确性。",0
"随着直流微电网系统的广泛应用,其控制技术得到不断关注。直流微电网系统由光伏阵列、电动汽车充换站、大电网及其接口变换器构成。针对其结构特点,采用一种能量协调控制策略以维持直流母线的电压稳定。该控制策略根据直流微电网中母线电压信息(DBS)进行运行模式划分,不同运行模式下,直流微电网各单元的控制策略可进行无缝切换,实现系统协调自治。采用下垂控制实现对多个光伏阵列或者电动汽车蓄电池模块的功率均分。仿真结果表明,直流母线电压保持稳定的同时,直流微电网系统能够在并离网不同模式间进行平滑切换,验证了控制策略的可行性与有效性。",0
"传统桥路型超导故障限流器存在诸多不足。文中提出了一种组合型桥路超导故障限流器的设计。在阐述其工作原理的基础之上给出了主要的参数设计;根据应用工况在仿真软件MATLAB中对其性能进行仿真验证。结果证明:组合型桥路超导限流器可有效限制短路电流;基于网侧电流幅值的控制策略可有效控制超导线圈的投切。由于组合型桥路超导故障限流器的优异性能,将其作为超导储能限流系统的设计方案。",0
"在风火打捆交直流输送过程中,当交流线路因故障而退出运行时其运行方式将变为纯直流外送,若不及时切换控制策略则送端将会有功率剩余,这将使得电压的幅值和送端系统的频率持续上升,同时功角也会失去稳定,影响系统运行。为了解决该问题,文中首先对交直流混合输送和纯直流输送的控制策略分别进行了研究分析和论述,然后根据故障后电气量的变化,提出了一种检测频率和电压的变化而进行运行方式切换的策略,并在仿真平台上搭建模型。研究表明,该策略能快速检测到相位偏移并及时检测频率变化以此为据进行控制策略的切换,同时切换后能维护系统频率和交流系统电压的稳定,最后当交流线路故障清除,电气量恢复至原水平,则将运行方式转换为原先的交直流运行。",0
"文中就高压断路器用液压弹簧操动机构的储能电机(简称电机)为研究对象,针对液压弹簧机构不同工况下的电机运行情况进行了试验和测试对比,尤其对机构出现频繁打压的工况时,对电机的工作状态进行了分析对比,为现场产品的运行维护提供了参考依据。",0
"对一个实际地区电网使用序贯蒙特卡洛法开展可靠性评估研究。该电网具有煤电装机容量大,风电、光伏等新能源装机容量不断增长,冬季需满足供热需求等特点。针对上述特点,通过对新能源以及供热约束的建模,在可靠性评估计及了风电、光伏等新能源随机波动性和冬季供暖需求的影响,同时考虑了优先接纳新能源这一原则的影响。采用时序蒙特卡洛模拟法进行可靠性评估,得到系统以及节点的一系列可靠性指标,同时利用可靠性评估的结果找到系统的薄弱环节,并提出改善运行情况的建议。",1
"为解决风电场与电网间发生的次同步振荡现象,保证风电场与电网的稳定运行,经研究发现,利用现有的同步相量测量装置(phasor measurement unit,PMU)监测次同步谐波是解决次同步振荡问题的有效途径。文中以新疆哈密某风电场为例,首先通过PMU记录的电流幅值数据频谱分析次同步振荡产生的主要频段,接着对次同步谐波分量产生机理进行分析以及锁相环节进行仿真验证。结果表明,PMU数据频谱分析得出的振荡频段与锁相环节仿真验证结果相吻合,从而验证了该方法的有效性。该研究结果可为风电场次同步振荡的理论研究和工程实际提供参考依据。",1
"特高压直流穿墙套管是换流站的重要设备,地震易损性高。本文为评估穿墙套管的抗震性能,首先建立了±800kV穿墙套管有限元模型并进行了地震响应分析,针对其响应过大不满足工程要求的问题,提出了在穿墙套管根部布置金属摩擦阻尼器的减震方案,并对带有减震阻尼器的穿墙套管进行了地震响应分析,对比了未安装和安装阻尼器的穿墙套管在地震下的响应。分析结果表明:安装金属摩擦阻尼器能有效降低穿墙套管顶部加速度和根部应力,顶部加速度响应平均减小了34%,根部应力平均降低了54%,振动控制效果明显。减震后的穿墙套管可满足抗震设计要求,故增设阻尼器可大幅度提高穿墙套管的抗震性能。",0
"金属化膜电容器具有自愈特性,可用于较高的工作场强,具有较高的工作稳定性和储能密度。目前,金属化膜电容器在低压交直流滤波、脉冲放电领域已得到较为广泛的应用。而高压交流滤波领域目前还应用较少。文中的研究对象为应用于交流无功补偿场合的金属化膜电容器。由于温度过高会影响电容器运行稳定性和使用寿命,因此有必要对其运行时的温升特性进行研究,并基于降低电容器内部温升对其进行优化设计。分析了电容器内部的热传导过程,计算了电容器内部发热和表面散热,建立有限元仿真模型,对其在通过交流电流的情况下的内部温升进行了计算,并通过实验验证了计算模型的正确性。在此基础上,对电容器的结构和参数进行了优化设计。研究结果表明:在合适的范围内采用较厚的金属化膜,较小的膜宽和元件喷金端对外壳大面摆放有利于降低电容器内部温升。",0
"由于新能源发电自身的不确定性和波动性,电网调峰过程无法同时兼顾新能源并网点本地变化负荷与主电网的功率需求,造成大规模弃风弃光问题。为此,文中根据风电与光伏系统运行特点,借助储能单元充放电控制功能,提出一种联合发电系统复合控制策略,并在RTLAB环境下,依据东北某地区气象数据,搭建含改进控制策略的风光储联合出力追踪本地负荷仿真模型。仿真结果表明,文中提出的控制策略能够快速响应本地负荷变化需求,有效实现了最大化利用风光资源以及平抑出力波动。",1
"为满足风电场""无人值班、少人值守""的要求,提高美式箱变运行的安全性、可靠性及自动化程度,研究了美式箱变监控保护设计的关键问题。结合工程实际应用,归纳了3种美式箱变监控方式,详细分析了高压熔断器周围变压器油温等因素对熔断器额定电流选择的影响,提出了低压断路器保护与风机出口断路器保护配合的整定方式;在分析了箱变缺相运行时各侧电压电流情况的基础上,提出了防止箱变缺相运行的保护方案;阐述了美式箱变瓦斯保护等非电量保护的配置情况,给出了美式箱变保护跳闸完全切除故障箱变的措施。美式箱变监控保护的设计研究望为实际工程设计提供参考。",1
"文中旨在设计一种大功率电网模拟装置以满足大功率光伏并网逆变器的试验检测需求。首先,通过建立有效的拓扑结构,即通过载波移相多重化SPWM调制方式实现可控的整流输出,通过全桥逆变电路串联实现三相主电路的交流输出,实现了电网各种工况的模拟输出;其次,使用电感电流瞬时值环、输出电压瞬时值环以及电压有效值环的综合多环控制策略并基于DSP+FPGA的可编程波形发生器原理,实现了电压波形品质高、响应速度快的输出特性;再次,建立了四象限运行方式,试验过程中可直接实现能量的回馈,降低了损耗。最后,通过实验证明了该装置的可行性和正确性以及装置的低电压穿越、谐波发生、孤岛检测等特殊功能。给出的装置基本解决了电网模拟设备开关频率低、电压波形品质差、响应速度慢、耗能严重、散热困难等一系列问题,实现了并网逆变器高效、精确的测试需求。",0
"为克服现有快速接地开关受环境影响大等缺点,设计研究了一套电机直驱式操动机构。电机直驱式操动机构包括机械传动部分、电机主电路部分、用于控制的数字信号处理器(DSP)极其外围电路。电机主电路部分包括整流电路、电容储能电路、逆变电路。DSP采用TMS320F28335,其外围电路包括IGBT功率驱动板、电流采集电路、速度和位置采集电路。在MATLAB/Simulink中搭建了整个系统的控制算法,仿真结果表明设计的电机直驱式操动机构能满足FES合闸操作的要求,同时配置有该电机直驱操动机构的FES进行了特性试验,合闸速度满足参数要求,验证了该机构设计的正确性。",0
"弹簧操动机构具有结构简单、免维护、高可靠性等优点,在高压断路器中得到广泛应用,然而由于技术水平有限,现有的弹簧操动机构不能满足550 kV及以上高压断路器的要求。笔者提出了基于功能设计与虚拟样机仿真的现代设计方法,完成了一款储能时间小于15 s、合闸(含分闸)操作功为6 600 J、分闸操作功为5 200 J的弹簧操动机构的设计开发,并成功应用在550 kV SF_6断路器上。试验结果表明,开发的弹簧操动机构完全可满足550 kV SF_6断路器开断与关合的设计要求。",0
"为了降低直流系统换相失败的几率,通过对换相机理的分析,得到促进换相的因素,利用模糊控制预防控制换相失败。针对常规模糊控制精度不高,及控制规则与精度间的矛盾,提出了一种基于相平面响应轨迹特征向量法的变论域模糊预防控制方法,从而动态改变论域,修正控制规则,提高控制精度和收敛性。该方法动态监测交流电压的变化和变化率,一旦故障快速增大越前触发角,减小换相面积,抑制换相失败的发生。通过CIGRE HVDC标准模型进行了仿真研究,仿真结果验证了所提控制方法的灵敏性和准确性,能够有效地降低换相失败发生的概率。",0
"为了实现分布式电源组成的微网能以更为经济、灵活和环保的方式运行,充分发挥分布式电源的发电优势。针对微网优化调度的问题,提出以电动汽车同时作为负荷和发电单元且计及制热收益的微网多目标优化模型,以经济效益最大化、环境成本最小化作为微网多目标优化问题。应用非劣排序遗传算法NSGA-II,进行多目标优化求解,求得Pareto前端解,从而获得微网最优调度策略。通过算例验证了所提模型、策略和算法的有效性。",0
"当受端交流电网发生严重短路故障,经柔性直流并网的风电场必须降低出力,使直流输电系统的直流电压保持在安全范围内。针对永磁直驱风机经MMC-HVDC并网系统,提出一种提升其故障穿越能力的控制策略。该策略结合降低风电场交流电压和降低风机输出有功电流2种方式,可以实现风电场侧有功功率的快速降低。同时,为了在故障时限制永磁直驱风机直流链电压的增长,在风机中引入直流电压偏差控制。仿真结果表明:主网发生对称和不对称故障时,MMC直流电压和永磁同步风机直流链电压均可维持稳定,系统可以实现故障穿越。",1
"良好的接地装置是风电机组防雷的重要保证,而冲击特性是衡量风电机组接地装置电气性能优劣的重要指标。文中采用冲击大电流试验装置模拟雷电流,对风电机组典型接地装置―环形接地体及其在不同土壤环境下的改型结构进行冲击特性模拟试验。引入了冲击特性变化率的概念来定量描述冲击电流峰值对接地装置冲击接地电阻的影响,其值大小反映影响强弱,符号反映影响趋势,结合冲击特性变化率对试验数据进行对比分析,结果表明:针对上层电阻率高、下层电阻率低的土壤结构,加装深入到下层土壤的垂直接地体可显著降低接地装置的冲击接地电阻,但其冲击特性变化率由-0.36Ω/k A变化到-0.07Ω/kA;在总接地体长度不变的情况下,将环形接地体改型为环形和水平射线的组合接地体可在电流峰值一定范围内降低接地装置的冲击接地电阻,但更为显著的是接地体的冲击特性变化率变化到-0.8Ω/kA。试验结果对风电机组接地装置降阻改型及其研究工作有一定指导意义。",1
"为了解决交变热应力大范围波动会导致IGBT模块稳定性大幅下降,引起双馈风电变流器IGBT模块故障频发的问题,基于解析解理论以及不同损耗分析方法并结合双馈风电变流器实际运行特性,建立了IGBT模块功率损耗以及机侧、网侧结温稳态模型,并且分析了其在不同工况下的变化特性。结果表明,风速对机侧以及网侧变流器IGBT模块的功损耗以及结温变化特性影响较大,最终得到基于开关周期理论所建模型更加适用于分析IGBT模块结温以及损耗的精确模拟。双馈风电用机侧变流器IGBT稳态结温波动幅值随风速的增大而增大。",1
"针对光伏阵列非线性工作特性及传统MPPT控制中响应外界环境变化缓慢、最大功率点附近功率振荡现象明显等缺点,对其最大功率点跟踪算法进行分析,提出了一种模糊PI控制下扰动观察法(P&O)和恒电压控制法(CVT)相结合的双MPPT(dual maximum power point tracking MPPT)控制方法应用于光伏发电系统。通过建立模糊PI控制下的光伏发电双MPPT系统模型,构建系统控制量及变化量变化规则,设计仿真参数。仿真实验结果表明本方法在外部环境变化时能快速准确地跟踪光伏阵列最大功率点,具有良好的动态和稳态性能。",0
"为提高风电场发电功率预测的精度,提出一种基于Elman神经网络和实测风速功率数据的短期风功率预测方法。根据风速和风电功率历史数据来拟合风电机的风速功率曲线;建立基于Elman神经网络的短期风功率预测模型,并利用遗传算法对网络参数进行优化。最后,将文中预测模型应用到实测数据验证模型的有效性,结果表明了模型的先进性。",1
"为满足产品的节能设计需求,根据现有高压开关用液压操动机构的具体结构和工作过程,分析出其能量损耗的主要原因为负载匹配损失、控制元件压力损失、执行元件压力损失、传动和摩擦损失,提出了几种节能措施,如回收缓冲能、选择合理的负载匹配、改进控制阀结构、减小传动损失等,重点阐述了缓冲能的回收方案,变被动消耗为主动储能,达到了节能的目的,为液压操动机构的节能设计提供技术参考。",0
"为验证大功率光伏逆变器的性能及并网安全性,文中提出了一种大功率回馈型光伏逆变器测试平台。该测试平台在实现能量双向流动的同时,解决了大功率设备的网侧谐波和无功污染问题。测试平台主要由光伏模拟源、电源模拟源及一体化监控系统组成。光伏模拟源可模拟光伏阵列的输出特性;电网模拟源可模拟电网正常及故障特性,并能够满足并网设备的零(低)电压穿越。一体化监控系统自动执行预定的试验流程,如效率测试、MPPT测试、电压不平衡测试等。通过实验验证,该测试系统具有较完善的实验功能、优越的性能指标以及较低的功率损耗,能够满足大功率光伏逆变器的测试需求。",0
"为了使风电机组/风电场与电网之间能够和谐稳定高效的运行,笔者在通过对电网电压骤升时风电机组的暂态分析,提出了采用静止同步补偿器STATCOM实现双馈风电机组高电压穿越的方案。在电网电压骤升的情况下,通过STATCOM控制策略吸收电网容性无功并补偿感性无功支撑系统运行不脱网。在MATLAB/Simulink仿真平台上搭建仿真模型并进行仿真,仿真结果表明,当电网电压骤升时STATCOM不仅能确保风电机组不脱网运行还能及时向故障电网提供一定的感性无功,协助电网电压快速恢复。",1
"文中详细分析了LCL滤波器的特点,其在谐振频率处存在谐振尖峰,利用电容电流反馈可有效抑制谐振尖峰。分析比较了不同控制器的特点,其中准PR控制器在静止坐标系下就可以实现对交流量的调节控制,并且对谐波的抑制能力较强,在不平衡电网情况下仍有很好的鲁棒性,因此文中提出了采用准PR控制器的电流双闭环控制策略。将电流双闭环控制与最大功率跟踪环节相结合,使得太阳能得到最大限度利用,同时保证了并网逆变器的功能要求。最后,利用MATLAB/Simulink搭建系统仿真模型,仿真结果证明了控制策略的有效性和正确性。",0
"针对现有光伏功率预测系统存在预测误差大的问题,文中结合实际工程经验,提出一种基于历史数据纵向匹配的功率预测方法。通过对电站历史数据进行预处理,排除失真数据,以时间和气象预测数据为条件对历史数据进行纵向查询,纵向匹配出预测日的光辐射系数曲线、功率输出综合系数曲线,实现对未来几小时或几天的功率预测。仿真实验与电站实际应用表明:该方法预测误差小,简单实用,有实际推广意义。",0
"针对中国西北地区新能源电能大量富余,""弃风""、""弃光""现象严重,消纳矛盾突出的现状,笔者在发电权市场交易理论的基础上,梳理出考虑新能源消纳的跨省跨区发电权交易能够实施的前提条件、双边/多边交易流程和市场交易模式,并对考虑新能源消纳的跨省跨区发电权交易机理和原则进行了分析,建立了基于煤耗量和污染物排放最小的交易收益模型。最后以甘肃和湖北两地的模拟交易为例进行计算,结果表明,考虑新能源消纳的跨省跨区发电权交易是一种新颖而有效的交易模式,在解决新能源电能富余及消纳问题方面可以发挥积极有效的作用,并对未来远距离发电权交易具有重要理论和实践意义。",0
"自愈式电容器具有无油、低噪声和储能密度高等优点,尤其适合于城市和清洁能源应用场合。为了获得自愈式电容器在运行情况下的温度场分布,在Fluent 15.0中建立了自愈式电力电容器承受400 V交流电压,环境温度为55°C情况下的温度场计算模型;采用有限体积法计算获得了其外壳和内部心子等的温度场分布并对计算结果进行了系统分析。计算结果表明:外壳最高温度在大侧面,大侧面温度高于小侧面。外壳和心子的平均温升分别为3°C和5°C左右,心子温度比外壳温度高2~3°C。分析了元件直径/数量和排布方式对电容器温升的影响并对元件直径和布置方式的选择提出了建议。该工作为自愈式电力电容器运行甚至电容器的优化提供了参考。",0
"文中介绍一种新型全固态组合式陆地电火花震源。该陆地电火花震源由4台子震源组成。每台子震源采用半导体器件可控硅代替传统的三电极气体开关做放电开关,利用限流电感控制放电电流的峰值和上升时间,采用续流二极管抑制反向振荡的放电电流。通过改变放电电流波形,可以适当地改变电声转换的频谱特性。电声换能器采用的是同轴平行式电弧放电电极结构。每台子震源工作电压7 500 V时,储能为28 k J,总震源储能为112 k J。4台子震源可以同步放电或延迟放电。在河北衡水武强县进行了一次野外实验,结合地震波反射剖面和当地的地质地层数据分析得出该类型的陆地电火花震源激发的地震波勘探深度可达2 000 m以上。",0
"为了识别高压断路器故障模式并提取其故障特征,文中以ZNY1-10(6)/630-12.5型高压断路器永磁操作机构为研究对象,分析了断路器分合闸时操作机构的动作过程,在此基础上模拟了操作机构供电电压异常、分合闸线圈老化、触头及连杆机构卡涩、储能电容故障、辅助开关失效5种常见故障,选择控制回路中分合闸线圈电流和电容电压做为监测信号,确定并提取了对应特征量。提出了一种基于模糊理论的断路器故障特征提取算法,获得了故障与特征量变化的对应关系,实现对故障的区分、归类并达到辨识的目的,为高压断路器故障诊断及寿命评估提供了判断依据。",0
"针对高压设备无线测温装置供电困难问题,设计了一种由低压侧LED光源供电的新型温度在线监测系统。系统使用LED所产生的光能经太阳能电池光电转换后为高压侧无线测温装置供电,以保证其可靠运行。设计了LED两级可PWM调光恒流驱动电路,为LED提供了恒定电流的同时保证了输入端高功率因数。无线测温装置利用热敏电阻PT1000采集温度信号,并通过ANT无线模块进行数据传输,兼具高精度测量和低功耗优势。实验测得无线测温装置在3.3 V供电电压下的平均消耗电流约7.24 m A,驱动电路在满PWM占空比下输出电流为584 m A,在70%PWM占空比下的工作状态为兼顾高压侧电路可靠运行与节约电能的最佳状态。",0
"文中以合闸过程中燃弧时间最短为目标,提出了设计高电压等级真空断路器凸轮轮廓的方法。首先,通过实验确定合闸速度特性。得到126 kV真空断路器合闸燃弧时间与预击穿速度的数学关系,表明在预击穿速度为1.15 m/s时,126 kV真空断路器的合闸燃弧时间最短;其次,由上述方法得到真空断路器合闸行程曲线确定凸轮轮廓线。根据合闸行程曲线上每个点确定弹簧操动机构主轴转角,并根据合闸弹簧所需要的能量确定机构储能轴转角,然后由主轴转角与储能轴转角的比值确定凸轮的轮廓曲线。最后,根据上述凸轮轮廓设计方法编制了凸轮设计软件,利用该软件设计的凸轮在ADAMS仿真软件中对整机进行仿真计算,仿真结果得到预击穿速度为1.18 m/s,表明此设计能很好的满足设计要求。",0
"电磁斥力机构应用于40.5 kV真空断路器可以提高其开断速度,从而提高电力系统稳定性。文中选取励磁线圈匝数、储能电容量和充电电压这3个主要参数进行综合优化研究,旨在确定40.5 kV真空断路器中电磁斥力机构储能电容能量最小的参数设计方案。对3个试验因素设立3个水平,采用正交试验设计的方法安排9次试验,并建立有限元模型进行数值模拟试验,然后对试验结果进行回归分析和优化。研究结果表明,对于斥力盘的运动特性,充电电压影响最显著,储能电容量次之,励磁线圈匝数最弱。斥力盘运动平均速度与3个设计参数间的回归方程为v=-10.583+0.071N+0.018U+0.169C。最后,确定了参数设计方案,在充电电压600 V,储能电容20 m F,线圈20匝时,储能电容能量最小为3.6 k J。",0
"文中分析微网中微电源包括光伏发电、风力发电、微燃机、柴油发电机和燃料电池的电气特性,构建微电网优化运行的模型,以微网的经济成本和环境成本最小为目标函数,充分考虑了电压越限、功率平衡、微电源出力限制等约束条件,应用鸡群算法进行求解。解决了粒子群算法易早熟、易陷入局部最优解的问题。并通过典型的微网系统进行仿真分析,仿真结果验证了该算法的有效性。",0
"为了了解大电网末端风电机组故障穿越特性,文中分析了高渗透率风力发电大电网末端电网特性及风机运行特性。结合相应的检测标准及要求,探讨了大电网末端风电并网出现的故障特性,研究了直驱及双馈风电机组故障穿越关键技术及控制策略;结合仿真及实际检测,研究了大电网末端直驱风力发电机高电压穿越能力、双馈机组低电压穿越的可行性,提出了风电机组故障穿越的隐患,为大电网稳定运行提供了依据。",1
"随着中国风力发电的比重及机组容量的不断增大,机组一旦发生故障,不仅影响风电场自身的安全,而且对电网的稳定运行造成重大影响。故障分析与智能诊断技术是降低大型风力发电机组故障率与运维费用的主要手段之一。文中详细分析了风力发电机组主要部件的故障,在对风力发电机组状态监测和故障诊断技术深入研究的基础上,提出了基于小波包和BP神经网络的智能诊断方法,以此开发了风力发电机组状态监测与故障诊断系统,通过系统在大型风力发电场的成功应用,验证了其对风电机组故障诊断的有效性。",1
"超级电容器因其功率密度大、质量轻、无污染、可多次充放电等优点而成为一种新型的储能装置,目前,超级电容器的应用范围也不断拓展,在工业、消费电子、通讯、医疗器械、国防、军事装备、交通等领域得到越来越广泛的应用。从小容量的特殊储能到大规模的电力储能,从单独储能到与蓄电池或燃料电池组成的混合储能,超级电容器都展示出了独特的优越性。随着输电系统整体结构的不断变化,其应用范围从电子产品",0
"针对风电场建立多机等值模型时等效风机数目不确定的问题,通过分析风电机组的运行机理,以风机的实际参数为聚类指标,引入轮廓系数计算不同等值数目时的轮廓值,选择最优的聚类数目,运用改进分裂H-K聚类算法进行聚类。在MATLAB平台上建立风电场详细模型和聚类模型,在两种风速模式下分析两种模型输出的有功功率和无功功率曲线,结果表明两种模型曲线在同时间点上相对误差率很小,提高了模型精度。文中提出的方法可以运用于风电场的多机等值建模,能够比较准确地反映风电场的动态响应特性。",1
"基于双馈的风力发电场送出线路发生故障时,风力发电机的短路电流的特性与常规电力系统短路电流特性有明显的差别,主要表现在短路电流可能非工频,这种特性使得利用工频傅式算法进行信号的基频相量的提取和计算不正确。为了深入分析双馈风电场短路电流的这种特性,文中将结合双馈风电场的等效电路,从理论上分析送出线路故障时,风电场侧电流、电压的频率主要成分,并通过频谱分析进行验证。根据风电场侧电流、电压的频率不一致的特性,在PSCAD中仿真分析该种特性对送出线路上传统距离保护的影响。通过对某地区风电场仿真的实验结果可知,短路电流偏移工频,使得基于傅里叶工频算法的传统距离保护不能准确地测得阻抗,从而造成距离元件的误动作。",1
"根据直流微电网的结构以及运行特点,分析了直流微电网中分布式发电单元和混合储能单元的控制策略。针对直流微电网中由于分布式发电单元输出功率的不稳定以及负载突变造成的直流母线电压波动问题,提出了一种基于直流微电源模块和混合储能模块的协同能量管理策略。该控制策略以直流母线电压为信号对混合储能模块的充放电模式进行控制。同时也搭建了含光伏微源单元和混合储能单元的仿真模型,通过MATLAB/Simulik仿真软件对混合储能的能流切换模式进行仿真,结果表明该策略在负荷波动或者光伏单元输出功率不稳定情况下直流母线电压的相对稳定性,验证了该策略的正确性和可行性。",0
"针对并网风力发电机组性能分析评估中存在大量定性指标、各指标模糊性和随机性并存的问题,提出了基于云重心评判法的并网风电机组性能分析评估模型。首先从技术参数、整体功能、系统可靠性及机组维修性4个层面分析并构建了风电机组性能分析综合评价指标体系。然后将各指标值转化为云模型并确定各个指标的权重值。最后计算出修正的加权偏离度,将其输入定性评判云发生器得到风电机组性能评估结果。运用所提方法对某型风力发电机组性能进行分析,并与模糊综合评判法进行比较,验证了该模型的优越性和有效性。",1
"采用小波变换(wavelet transform,WT)和相关向量机(relevance vector machine,RVM)结合的方法对风电场发电功率短期预测进行研究。先利用小波变换将信号分解为不同频率的子序列,提取出风速中的低频趋势分量和高频波动分量;再结合风向和温度数据,运用RVM在不同分量上分别进行预测,并通过重构得到功率的预测结果。此方法应用于国内某风电场,仿真结果表明,通过小波分析能够把握风速变换规律,RVM预测法有较强的学习能力,小波―相关向量机法有效提高了预测精度,表明了该方法的可行性。",1
"风力发电系统中的转速传感器常常会带来一些不利的影响。文中介绍了一种双馈风力发电机的无速度传感器的控制方法,利用风电机组转动惯量大,速度变化慢的特点,通过测量转子的感应电动势,控制转子侧变流器给转子注入相应频率与相位的电流,从而控制电机的转矩与无功。文中推导了电机的控制方程式,给出了控制框图。通过仿真与实验,验证了该方法可以用于双馈风力发电机的控制。",1
"储能系统(ESS)在微电网中的应用可以提高网络的供电可靠性和经济效益。在孤岛运行方式下,多个储能单元在微电网内的合理使用,能够优化微电网内的功率流动,从而实现微电网的经济性运行。文中基于多代理系统控制模型,研究了在孤岛运行方式下的含多储能单元的微电网内各分布式能源(DER)及负荷的动态博弈模型,考虑电量电价弹性产生的负荷需求响应,建立了基于风险成本的Agent电量投标模型和基于VRE强化学习算法的电价投标决策,最后在多代理仿真平台上加入以上模型和方法,通过对比分析验证了模型的有效性,同时实现了微电网和DER的经济性优化。",0
"为了解决农网低电压问题,对线路调压器的调压特性进行了研究。建立了含线路调压器的数学模型,分析了恒功率负载时调压器的调压特性,研究了影响调压特性的因素,包括调压器容量、调压档位、负荷功率因数、线路长度、导线型号,提出了移动式储能装置与调压器联合使用治理低电压的措施。研究结果表明:调压器容量和档位、线路长度和型号以及负荷的功率因数对调压器的调压特性有影响,而移动式储能装置与调压器联合使用则能有效提高调压器调节。",0
"为了对断路器操动机构的分、合闸弹簧(简称弹簧)储能状态进行评估,将模糊综合评判应用到高压断路器的弹簧状态评估中。选取反映断路器弹簧储能状态的典型特征参量,建立评判因素集;根据断路器弹簧的实际状态情况,建立评判等级集;采用专家估计法与层次分析法,建立评判的权重集;构建隶属函数描述评估因素与状态等级间的模糊关系,确定模糊算子及结果处理方法,进而完成整个模型用以对断路器弹簧状态进行综合评估。LW25-126型断路器上的实例验证表明,该模型可以客观有效地评估高压断路器弹簧的储能状态。",0
"为了克服组串式光伏系统在部分遮挡条件下无法向外输出最大功率的问题,以准Z源逆变器为光伏逆变的基础拓扑,用模块化级联式多电平光伏逆变器结构,构建了一套可实现模块级最大功率点跟踪的光伏并网系统。与传统DC―DC级联DC―AC的光伏逆变器结构相比具有有源器件少、能量转换级数低、可靠性高等优点。文中阐述了基于准Z源逆变器的级联式多电平光伏并网系统的工作原理,并给出闭环控制策略,提出采用功率电流双闭环结构实现准Z源多电平逆变器并网控制,通过功率控制环保证准Z源网络直流侧电压恒定,电流控制环用于控制入网电流波形,减小并网谐波电流,提升并网质量。仿真结果验证了所述控制方法的有效性。",0
"随着风能资源的不断开发与利用,电力系统中风电比例也逐渐增大,现阶段绝大部分风电机组尤其是PMSG不具备在系统频率振荡时向系统注入阻尼功率的能力,因此大规模PMSG风电场的接入将削弱系统相对惯性和阻尼特性。针对该问题,提出通过控制电力电子器件建立风机与系统的耦合关系,使PMSG虚拟出与同步发电机类似的惯性响应,同时附加PSS控制器使PMSG能够在电网故障振荡时提供功率支持,从而提高区域电网稳定性。最后,在四机两区域系统中进行了时域仿真,验证了该方法具有改善高风电渗透率区域电网的系统惯性,提高系统阻尼比,增强电力系统抑制低频振荡的能力。",1
"针对多馈入直流系统故障后难以快速恢复的问题,提出了一种基于模糊理论,并融合多馈入直流特性的自适应变结构VDCOL控制策略。该控制方法将模糊控制的非线性特性与VDCOL控制机理有效结合,同时将多条直流自身的强度和相互作用考虑在内,根据电压大小及其恢复水平对直流电流进行动态控制,协调系统的电压和功率恢复。仿真结果表明:该控制方法能够有效控制恢复期间的无功需求,抑制后续换相失败发生,加快系统的恢复,保证系统的安全稳定运行。",0
"由于大规模风电场的复杂性,对风电场的每台风电机组建立详细的模型将大大增加仿真的计算量,因此需要对风电场进行等值化简。在分析了风电场风电机组之间尾流效应、海拔高度、空间遮挡和机组停运等相互作用的基础上,推导出能够表征风电机组空间相关性的相关性系数,并以此为分群指标运用K-means聚类算法对风电机组进行分群。K-means聚类算法需要事先给出聚类个数,针对此问题对K-means聚类方法进行了改进,提出了有效性指标来确定最优分群数,并给出了等值模型的参数计算方法,得到了风电场的多机等值模型。通过算例仿真表明,该方法具有较高的精度,对K-means方法的改进也具有一定的有效性。",1
"随着户用分布式发电系统的发展,传统集中式光伏发电系统因系统局部问题导致的效率大幅降低问题进一步凸显。为了进一步提升分布式发电系统的整体效率,文中提出了一种基于推挽正激升压变换器的微逆变并网装置,针对微逆变并网装置的双级式功率主拓扑结构进行了深入的分析与探讨,并给出了其关键元器件的设计方法。最后,引入双级式光伏发电系统功率主拓扑结构,在PSIM6.0上进行了仿真,验证了文中所提出的拓扑的有效性与先进性。",0
"由于传统电能质量评估方法无法体现""分布式""特征,难以评估分布式光伏电能质量。为了解决这一问题,首先对主观赋权法和客观赋权法进行综合比较,提出采用熵权法进行赋权。然后引入改进AHP和指标极化处理,对熵权法进行改进。建立涵盖输入、过程和输出3方面的指标体系,采用改进熵权法进行评估。实例表明,改进熵权法能较为充分地利用实测的小样本数据,能较好地体现""分布式""特征,可以为分布式光伏电能质量评估提供参考。",0
"为了改善电感储能脉冲功率源的输出波形,提出一种基于电爆炸金属丝断路开关的准方波输出脉冲功率源。该脉冲源以脉冲电容器为初始储能源,通过脉冲形成网络对电爆炸金属丝开关放电,当电流达到峰值附近时,电爆炸金属丝开关断开,将能量切换到负载上。由于脉冲形成网络中电感电流不能突变,所以负载上能得到数倍于初始储能电容充电电压的脉冲输出;由于脉冲形成网络中电容的续流作用,所以负载上能得到准方波脉冲输出。通过理论分析和电路仿真分析,确定了脉冲形成网络的电感电容级数和爆炸丝参数。对功率源进行了实验验证,实验结果表明:在1μF初始充电电容充电32 kV时,在10Ω负载上得到电压幅值83 kV,半高宽279 ns,90%平顶172 ns左右的脉冲输出,证明了该原理的脉冲功率源可行性。",0
"为了研制高储能密度电容器,文中对影响电容器性能的关键技术进行了研究。建立自愈平台进行自愈试验,发现提高电容器层间压强可以减小自愈能量,从而提高电容器寿命。通过对分割膜边缘自愈和膜中自愈进行研究,根据电容器的工作场强确定了高储电容器中分割模块数,选择合适的浸渍剂种能密度类及浸渍工艺,提高电容器在高场强下的运行可靠性。根据以上关键技术,研制出了储能密度2.7 MJ/m3的高储能密度脉冲电容器,在工作电压6.6 kV、放电电流11.85 k A下,其寿命为850次。",0
"为了使光伏并网Z源逆变器直流侧电压保持稳定的同时并且能够获得最大功率点跟踪(MPPT),经研究,文中采用一种模糊PID控制策略,通过快速响应光伏列阵输出功率和输出电压的变化,经模糊控制器进行模糊推理及解模糊化后的输出量乘以比例因子,转换为PID控制器中的比例积分微分系数变化量,最终来实现直流侧稳压和MPPT统一控制。结果表明当外界对直流链电压具有扰动时采用该控制策略能使其较快恢复并且并网电流跟踪情况较好,因此采用模糊PID控制策略能够保证直流侧电压稳定的同时并且实现了最大功率点跟踪。仿真实验验证了该方法的有效性。",0
"针对电磁发射系统超级电容储能需求,设计了一种适用于中压直流输入的三电平双输出直流变换器。分析了变换器的拓扑结构,设计了移相脉宽调制方式,计算了主要元件的参数取值,建立了变换器小信号模型。针对两相超级电容电压不均问题,提出了最大输出电流反馈恒流控制策略,并进行了仿真验证和硬件在回路实验验证。在此基础上,按照设计参数制造了一台实验样机,实验结果验证了最大输出电流反馈恒流控制策略的有效性。",0
"基于混合式直流断路器(hybrid direct current circuit breaker, HDCCB)保护的柔性直流电网在故障清除之后,需要对故障线路进行快速重合闸操作。在直流系统被孤立的换流站重合闸于故障清除状态的故障恢复期间,会有较大的功率波动导致重合闸过程中功率恢复缓慢,不能满足直流电网快速重合闸的要求。该文首先基于HDCCB的拓扑结构提出重合闸操作时间最短的快速重合闸操作流程。然后基于直流电网的控制系统,从直流电网的故障开断过程出发,揭示了在直流电网重合闸过程中功率波动的原因,并且提出了优化之后的快速重合闸策略,以实现直流系统重合闸于故障清除状态时功率的快速恢复。利用电磁暂态仿真软件PSCAD/EMTDC搭建5端柔直系统进行仿真,结果表明所提出的快速重合闸策略能够有效地抑制孤立换流站在重合闸于故障清除状态时故障恢复过程中的功率波动,缩短重合闸恢复时间50%以上,提高直流系统的输电可靠性。",0
"风电并网系统引入虚拟惯量后,应综合分析风电机组安全和电网动态稳定,完善附加控制的友好并网功能,提升其推广应用价值。首先建立了含虚拟惯量风电并网系统的状态方程。其次,采用小信号分析理论,并设计非线性扩张干扰观测器,为惯量控制附加动态响应补偿信号,完善其动态稳定支持功能。通过积分流形方法,对风电机组轴系模型降阶,进一步分析虚拟惯量控制对风机轴系振荡模式的影响,并建立轴系暂态能量函数,为轴系稳定控制提供参数设计范围。最后,基于RTLAB数模混合仿真平台,建立含高渗透风电并网系统,结果表明虚拟惯量在互联系统功角摆动及风机轴系振荡中的稳定控制功能得到显著改善。",1
"针对送端源荷失衡,新能源消纳能力不足及送、受端源荷分布时空互补的跨区域电网互联问题,提出了兼顾新能源消纳能力以及投资收益的电网互联通道双层规划模型。首先,建立了基于灰色关联分析法和新能源消纳能力的互联区域源荷时空匹配度模型。其次,兼顾技术经济约束,构建了提升新能源消纳能力的电网互联通道双层规划模型。其中,上层模型以新能源消纳能力最优为目标,通过互联区域源荷时空匹配度实现备选互联区域的优化组合;下层混合整数规划模型以互联通道的拓扑及容量为决策变量,以投资经济效益最优为目标,用于实现互联输电线路落点与参数的优化选择。最后,运用改进的混合遗传算法对模型进行了求解。研究结果表明:采用所提模型,风电C负荷匹配度达到了0.95,弃风率由23%降为14%。研究结果验证了所提方法的有效性。",1
"近年来利用水中放电产生冲击波对油气井进行解堵增产,因其具有环境友好、效果显著、成本低等优点而越来越受到重视。为此,从实际应用的油气井解堵技术出发,建立了1套完整的水中放电实验平台。该实验平台主要由调压器、升压变压器、储能电容、气体开关和水中负载组成,其中储能电容为50～250μF,充电电压为2～10k V。基于以上实验平台,对水中放电特性进行了实验研究和分析。通过调整充电电压、液体电导率、电极间距等实验因素在不同水平下进行水中放电,对放电过程中电流、电压、冲击波进行测量和分析,总结了各因素对水中放电特性的影响规律。在水通道加热阶段,影响加热时间和泄漏能量的因素主要是电极周围场强、水通道长度和离子浓度;存在最佳间隙距离和最佳水电导率使冲击波幅值和能量达到最大值,且冲击波能量随电压和电容大小的增加会出现饱和状态。",0
"目前双馈式变速抽水蓄能电厂(doubly-fedinductionmachinebasedvariable-speedpumpedstorage,DFIM-VSPS)的研发仍处于起步阶段,其系统建模、稳定性分析及控制需要进一步研究。为此,研究了DFIM-VSPS的机电暂态模型,考虑了机组变速运行对效率的影响,并对比了采用不同水动态模型时DFIM-VSPS模型的动态响应,提出将模型预测控制用于DFIM-VSPS的功率控制,并且研究了各个工况下模型预测控制的控制效果及延时对控制效果的影响。结果表明:与常规控制相比,模型预测控制在系统发生大扰动及平抑风电功率波动时具有更好的控制性能,并且具有较好的鲁棒性。研究可为DFIM-VSPS的控制提供一定的参考。",1
"风功率曲线是风电机组的重要性能指标,准确高效地建立风功率曲线模型对风电场的运行管理具有重要意义。为此,在分析风功率曲线模型工程应用典型需求的基础上,提出了一种基于改进光滑样条的风功率曲线建模方法,并开展了案例验证。所提方法采用三次样条对风速-功率数据进行拟合,利用粗糙度惩罚对拟合函数的系数进行正则化,并通过交叉验证求取最优光滑参数,以实现风功率曲线平滑、高精度的建模。案例分析结果表明:提出的基于改进光滑样条的风功率曲线建模方法可以有效对风功率曲线进行拟合,具有准确度高、平滑度和普适性好的特点。研究成果可为风电机组风功率曲线建模提供参考。",1
"在光伏直流汇集系统中,光伏侧独立输入的DC-DC变流器通过输出侧级联可提升电压等级,但光照不均时,级联DC-DC变流器输出侧存在电压不均衡的问题。在DC-DC变流器级联输出侧设置均压单元可实现输出侧电压均衡,但均压单元的引入会显著增加直流汇集系统的输出电流纹波。为此,提出对均压单元采用移相组合电平法的调制策略,通过控制级联DC-DC变流器均压单元间的电压相移,使级联输出侧电压更接近直流电网电压,进而减小输出电流纹波;之后,引入LC滤波器来滤除级联输出侧的电压尖峰,以保证级联输出侧电压稳定;最后,将所提控制策略应用于光伏直流汇集系统进行仿真。结果表明:该策略能够在实现输出侧电压均衡的同时,有效减小并网电流的纹波。论文研究可为光伏直流汇集系统的稳定运行和功率优化提供一定的理论依据。",0
"风力发电已成为全球领域推荐能源转型的核心技术和应对气候变化的重要途径。雷击是造成风力发电机损坏的主要原因之一。由于风电机结构和机组位置的特殊性,其雷击特性和防护措施与普通雷击目标物具有明显差异。该文对近年来风电场雷击自然观测、雷击风机模拟试验、雷击风机接闪过程数值计算以及接闪失效和系统优化设计等方面的研究前沿进展进行了总结和分析。主要结论为:1)由于风机尺寸越来越大,风力发电机雷击风险与上行先导关系更紧密,不同极性的雷电引发风机上行先导能力存在差异,进而影响到风机的接闪特性。2)由于风机长时间处于旋转状态,叶片旋转会影响风力发电机的引雷能力和接闪位置,但目前研究对旋转影响风机接闪放电过程机理的阐释仍未完善。3)风机数量、安装位置、外部环境等对风电机组雷击风险有较大影响,风电机组群多先导相互竞争的接闪机制以及雷击风险评估方法还有待深入研究。4)目前叶片接闪系统设计简单,设计未能充分考虑风力发电机实际接闪过程和雷击机理,接闪系统的科学性有待进一步论证。",1
"针对混合微电网谐波的频次丰富及在交直流侧相互传递等特点,提出了虚拟联合谐波抑制器的控制策略。以混合微电网中互联接口变换器的拓扑结构为主体,结合直流有源滤波器构成虚拟联合谐波抑制器,控制三相H桥的通断以生成交流侧谐波补偿电流,同时通过控制子网间功率流动和适时启动直流有源滤波器抑制直流纹波。搭建了MATLAB/SIMULINK仿真模型,结果表明,该控制策略在进行交流子网谐波补偿的同时,对直流母线电压纹波实现了二次补偿,实现了交直流侧谐波抑制系统的协同运行。该策略最大限度利用了互联接口变换器的容量,可降低装设谐波治理装置的成本。",0
"直流微网中组网变流器采用虚拟电机控制可改善系统中因功率波动所引起的电能质量问题,但其无法兼顾直流母线电压动态调节的灵活性。针对此问题,以直流微网中蓄电池储能单元的DC-DC变流器为研究对象,基于类虚拟同步发电机控制技术,利用直流电压变化率与惯性参数耦合的机理,提出一种能够实现直流电压灵活动态调节的灵活类虚拟同步发电机控制。通过建立小信号模型,基于DC-DC变流器端口响应与根轨迹的分析,揭示了主要参数变化对系统惯性与稳定性的影响规律,并给出相应的整定方法。其次,通过结合蓄电池的双向特性以及系统稳定裕度指标,给出了惯性参数的稳定取值区域,实现合理范围内惯性控制的灵活调节。然后根据荷电状态(state of charge, SOC)对蓄电池提供惯性功率能力的影响,基于SOC对惯性控制中下垂系数的取值进行实时约束。研究结果表明,灵活类虚拟同步发电机控制能给系统提供灵活可调的惯性支撑,使直流电压具有更好的动态特性和稳定性。最后,通过Matlab/Simulink仿真验证了所提控制策略的有效性。",0
"快速切除负荷是电力系统在故障后保持稳定的一种常用措施。针对以电力电子变压器为核心的直流微电网,提出一种基于负荷灵敏度在线辨识的直流低压切负荷决策方法。通过控制电力电子变压器直流端电压小扰动实现负荷电压特征系数在线辨识,获得系统中各节点负荷功率对电压变化的灵敏度;然后将辨识得到的负荷特征系数与微网中各调压单元的下垂控制特性曲线相结合,准确评估各节点负荷的切除对直流微网电压的影响程度,从而快速判定负荷切除节点。仿真结果表明,在包含风/光微源、储能及多种特性负荷的直流微网中,当交流主网侧故障或分布式电源输出功率受限使直流电压低于下垂调压范围时,按照所提考虑负荷灵敏度的电压评估式判定负荷切除节点,系统直流母线电压与各调压单元工作模式能够按理论判定值运行,验证了所提方法的有效性。此外,该方法还可克服系统负荷时变性的难题,并具有原理简单、计算方便等特点。",0
"雷电对风电机组安全运行造成严重威胁。基于雷电回击工程模型,结合偶极子辐射理论,建立了风机回击电磁场计算模型,仿真分析了风机回击电磁场波形特征及电场强度变化规律。相比平地雷击,风机雷击的回击电磁场波形明显不同:存在明显的初始尖峰,且达到初始峰值后迅速衰减,波形存在震荡。目前雷电定位系统不能正确识别此类波形,将高估回击电流峰值,以50 km处垂直电场为例,预计雷电定位系统反演的回击电流可能为实际的3倍以上。计算不同距离处的静电场、感应场和辐射场分量后,发现电场增强的原因在于辐射场分量的明显增强;对电场增强效应的细致分析表明此效应对回击工程模型不敏感,说明辐射增强主要是由于回击电流波在风机本体上传播和反射叠加导致的;电磁场增强效应随观察点距离增加逐渐增强并趋于稳定,在目前我国风机普遍100～200 m高度情况下,电磁场增强可能达到3倍。此研究结论对指导风电机组的雷击防护,提升风电场区域地闪监测水平具有重要参考价值。",1
"柔性直流电网中混合式高压直流断路器动作时会产生较大的操作过电压,但是目前尚缺乏针对直流断路器操作过电压仿真模型的研究。针对主流的混合式高压直流断路器,提出了用于柔性直流电网操作过电压仿真的断路器端口等效模型,同时介绍了该模型中各参数的计算方法。该模型的一个突出优点是,建模时仅需要知道一些原始设计指标和个别组件的动作时间,不涉及断路器内部结构与参数,减小了工程设计阶段断路器建模的难度。在实验室开展了断路器的短路电流分断试验,并利用提出方法建立了试验断路器的仿真模型,试验结果与仿真结果对比显示:该建模方法在仿真直流断路器操作过电压时具有较高的仿真精度,过电压峰值误差最大仅为3.1%。最后,通过张北工程的仿真模型验证了该模型在电网中也具有较高的仿真精度,多次仿真中过电压峰值误差最大仅为3.3%。",0
"移动边缘计算为满足巡检机器人爆发式增长的通信和计算需求提供了一种有前景的架构,巡检机器人可将采集的高清视频传输到临近的边缘服务器进行数据处理和设备状态研判。然而,全局信息缺失、电池容量受限、高可靠低时延通信约束等对任务卸载优化提出了挑战。考虑对任务卸载而言至关重要的信道选择问题。基于强化学习和李雅普诺夫优化,提出了一种联合能量感知、高可靠低时延通信感知和任务优先级感知的信道选择算法。该算法在全局信息未知的情况下,动态优化信道选择策略,在最大程度满足长期能耗与高可靠低时延通信约束的同时实现巡检机器人效用最大化。并利用变电站实测数据得到的信道模型和电磁干扰模型对所提算法进行性能评估,其结果验证了该算法在真实场景中的有效性和可靠性。",0
"绝缘状态检测是发现电力设备潜在性故障、维护电网安全运行的重要手段,但由于配电网馈电线路庞杂、组网规模大等特点,导致传统在线监测方案难以实施。为实现配电设备绝缘状态的分布式感知和预警,提出了一种基于物联网(Io T)技术的分布式无线传感器网络(WSN),并论证了其可行性。首先对无线传感器网络的架构进行了顶层设计,并根据经济性、低功耗、安全性等需求提出了数据通信及传感器节点的设计思路;然后分别针对高密度/紧凑分布的配电开关柜及低密度/松散分布的电缆(附件)作为实施对象,实现了地电波(TEV)和高频电流(HFCT)传感器节点的设计,基于低功耗广域网(LPWAN)的数据传输和管理,以及对节点能耗和电池寿命的测量和评估;最后讨论了适用于无线传感器网络的设备绝缘状态评估及预警策略。该方法的研究和探索有望为更多基于物联网的配电网状态监测应用提供参考。",0
"为了对交直流混合微电网进行实时监测并选择恰当的控制与管理方法,以保证微电网供电的可靠性、安全性与经济性,设计了一套基于多智能体的交直流混合微电网监控系统,并提出一种分层控制策略。该系统利用传感器收集环境信息和电气信息,将交直流混合微电网分为设备层、微网层与配电层进行分层控制管理。设备层各智能体采用自适应控制以保证工作可靠性;配电层采用集中控制,对系统进行全局优化以保证供电的经济性;微网层采用集中/主从混合控制,使智能体间相互协调,以保证供电的稳定性与安全性。利用搭建的实验平台对设计的监控系统信息监测和运行情况进行实际测试,并借助MATLAB/Simulink对所提分层控制策略的各种工况进行仿真。实验结果表明,各传感器工作稳定,信号失真小,系统运行可靠。仿真结果表明,分层控制策略在各种工况下可以有效减小电网波动,实现设计目的。",0
"为降低级联H型变换器(CHB)对电压暂降的敏感度,提出了其耐受不对称电压暂降的参数设计方法。首先由不对称电压暂降下CHB各子模块整流桥臂导通特性,分析了不对称电压暂降下CHB子模块的三相整流电路的工作原理;在此基础上,提出了CHB各子模块直流电压幅值跌落的计算方法,作为设计满足直压裕度子模块数目的参考;最后依据不对称电压暂降下CHB各子模块输入、输出侧能量守恒关系,得到不对称电压暂降下各模块直流电压仍满足纹波需求所需的电容大小。试验结果表明:该参数设计使CHB具备免疫不对称电压暂降的能力,为CHB的设计、相关储能装置的设计提供参考依据。",0
"柔性直流电网中,直流电压的暂态恢复特性是分析系统稳定判据和故障穿越能力的关键。首先建立柔性直流电网的动态模型,通过分析负载功率及直流电压波动后,系统运行点的移动轨迹,阐述直流电网的稳定运行机理。其次,提出柔性直流电网在暂态稳定恢复中应遵循的等电量原则,并结合直流电压极限,获得直流电网的暂态稳定判据。在此基础上,通过改进直流电压下垂控制,提出直流电压暂态恢复控制技术,增加电网暂态稳定裕度。最后通过搭建多端柔性直流仿真系统,验证了所提出直流电网暂态稳定判据和电压恢复控制策略的正确性,为评估直流电网的暂态稳定运行能力提供了依据。",0
"针对离网型光储(photovoltaic-energy storage system, PV-ESS)微电网的多态不确定性特征给可靠性评估和可靠性规划带来的挑战,提出了基于多态不确定性全时序仿真的可靠性评估方法及设备容量优化配置方法。首先,研究了离网型光储微电网系统的多态不确定性及其概率仿真模型,采用""故障-修复""时序模型模拟微型燃气轮机(micro turbine, MT)组设备的寿命过程,采用Beta分布密度函数模拟计及寿命特性的光伏电源出力特性,计及时变特性和随机波动特性建立了负荷综合时序模型,并建立了考虑运行约束的储能系统充放电模型。其次,综合概率指标、频率与持续时间指标定义了微电网可靠性指标体系,以可靠性最优为目标提出了电源调度与负荷削减策略,开发了基于多态不确定性全时序仿真的可靠性评估程序。最后,以改进的RBTS BUS6 F4馈线系统为运行场景,通过算例分析研究了微型燃气轮机、光伏、储能系统容量及功率对微电网可靠性的影响。计算结果表明:增加微型燃气轮机的容量可以持续提升可靠性水平,增加光伏容量对概率指标具有改善作用,但对频率和持续时间指标呈现非单调特性。根据光伏容量对可靠性指标灵敏度的影响,提出计及可靠性需求的MT-PV容量综合优化配置方法。可靠性指标在储能系统功率与容量坐标系内存在阶梯/饱和效应,通过定义和计算期望冗余功率可快捷、准确地确定储能系统(energy storage system,ESS)功率饱和区与ESS容量饱和区的边界功率值,形成可计及阶梯/饱和效应的ESS功率与容量配置方案。",0
"为了解决微电网高风电渗透率带来的惯性不足问题,需要利用虚拟惯量控制等手段来释放新能源的调频能力。通过对双馈感应风电机组(doubly fed induction generator, DFIG)的虚拟惯量控制进行研究,使虚拟惯量在适应风速变化的同时,适应动态频率调整不同阶段的取值要求,从而实现双维自适应控制。此外,利用深度信念网络预测动态频率调整的指标,从而优化双维自适应虚拟惯量的控制参数。微电网中仿真验证的结果表明,双维自适应控制策略可有效防止频率突变,能够减小扰动后的动态频率偏差及频率恢复的时间,展现出了更优的调频效果。研究结果可为风电机组参与调频的相关控制研究提供参考。",1
"在可再生能源高渗透率电力系统中,如何考虑可再生能源发电的不确定性并实现多源协调优化调度是电力系统运行的重要问题。为此,构建了基于光热电站出力灵活调度的多源电力系统随机机组组合优化调度模型,并将需求响应机制引入该模型,以应对可再生能源高渗透率电力系统中光伏、风电的预测误差以及波动性导致的不确定性问题。该模型以多个场景集下的综合成本最优为目标,在兼顾场景多样性的同时,综合考虑系统的综合成本。最后,以改进的IEEE-30节点系统为例,通过多种调度方式的对比,验证了所提模型的有效性与经济性。算例结果表明,所提调度方式总成本较传统方式降低了4.41%,切负荷量减少了93.74%,可再生能源渗透率提高了1.93%。通过源荷两侧的协调调度,该模型能够在降低系统调度成本的同时保证高渗透率电力系统的稳定性与安全性。",1
"针对直流电网中微源功率突变、负荷投切、大电网扰动等造成的直流电压暂降问题,在分析了直流电机并网后动态调压特性的基础上,提出一种适用于直流电网的自适应虚拟直流电机控制方法(adaptive virtual DC machine control strategy, AVDCM),并将其应用于储能端的双有源全桥(dual active bridge,DAB)DC-DC变换器接口。该控制使换流器模拟出直流电机的惯性特性,在电压暂降瞬间提供良好的动态功率支持;在控制环节中加入了模糊逻辑控制器,通过检测直流母线电压的变化率与换流器的剩余容量,灵活调节惯性支持的响应速度和大小。基于建立的四端系统小信号模型,进行了灵敏度计算与根轨迹分析,以揭示主要控制参数对系统稳定性及动态性能的影响。硬件在环测试结果表明:所提控制方法在保持换流器良好功率跟踪性能的同时,可使变换器在阶跃与随机性功率波动下提供灵活可调的惯性支持,从而有效减缓系统受到的瞬时功率冲击,减少电压暂降幅度,进而提升电压质量。论文研究可为双有源全桥DC-DC变换器自适应虚拟直流电机的控制提供参考。",0
"为了提高储能系统功率分配的合理性,提高风力、光伏电站及微网运行的经济性和稳定性,针对大容量全钒液流电池储能系统提出了一种多目标优化功率分配策略。该策略将储能系统的运行损耗、储能单元的充放电容量折损及储能单元间的荷电状态均衡度作为多目标优化模型,构建系统目标函数,利用模拟退火粒子群算法实现储能系统的经济性和可调度性运行。所提策略以MATLAB/Simulink为仿真平台,搭建了多组并联结构的全钒液流电池模型,并进行功率分配仿真验证,研究结果表明:所提策略可有效降低系统的运行损耗和储能单元的容量折损率,且储能系统可达到一致性均衡。研究结果可为储能系统功率分配提供参考。",0
"为了横向对比目前主流风电机组虚拟惯量控制的性能与效果,首先形成了评价指标体系,然后基于实时数字仿真器(real-time digital simulator,RTDS)和气动分析软件GH Bladed构建了2MW双馈风电机组数字镜像系统,进而详细分析了各种惯量控制方式在电网频率阻尼、弱网运行稳定性、电网频率二次跌落和机组载荷影响等方面的优缺点。研究结果表明:不同的虚拟惯量控制方式在频率阻尼方面的效果类似;惯性同步控制(inertial synchronization control,ISynC)以及虚拟同步控制(virtual synchronous generator control,VSG)能显著提高机组弱网稳定运行的能力;此外,虚拟同步控制在降低电网频率二次跌落以及减小塔架疲劳载荷方面效果明显,可为今后的研究提供横向对比的实验支撑。",1
"为了提升系统灵活响应不确定性的能力,及应对跨区互联线路给系统运行调度带来的挑战,构建了大规模可再生能源并网的跨区域运行调度模型。该模型考虑各区域传输的安全性,利用鲁棒理论构建随机变量的不确定集,并考虑风电与负荷的空间集群效应,通过引入不确定性的空间约束参数来弥补传统鲁棒优化的不足,从而协调系统内发电经济性与鲁棒性。同时,针对模型特征提出了一种基于滤子技术的协同进化算法对模型进行求解。研究结果表明:不确定变量的置信概率在20%～55%之间,且预测精度在置信概率较小时对系统成本的影响显著;增大空间约束参数可以获得更好的调度结果与运行方案。研究结果对在兼顾系统保守性的同时提高经济性具有一定的理论指导意义。",1
"为了得到链式电池储能系统(battery energy storage system,BESS)容量设计边界与优化设计结果,分别分析了在现有功率器件容量限制、电池系统技术限制和储能系统安全性设计要求限制下,直挂35 kV电网链式BESS的容量设计边界极限。通过改变链式BESS的布置方案来抑制共模电流,并提出了链式BESS的优化设计方法;通过基于马尔可夫链的链式BESS可靠性模型来计算系统的可靠性,并对整个系统的效率与可靠性进行综合评估。研究结果表明:在现有技术条件下链式BESS最大容量设计为32 MW,改变链式BESS的布置方案能够减小共模电流引起的损耗和电流应力,保护功率器件,同时减小其对链式BESS的模块数优化设计的影响,所提优化设计方法能够根据不同应用场合下系统的设计要求得出最优的功率模块数设计。研究结果可为超大容量链式BESS的设计提供参考,也可为系统制定计划检修提供理论依据。",0
"针对样机分闸时最大动能转换效率较低,仅为1.75%的问题,以900 V/1 000 A电磁斥力机构样机为研究对象,结合工程中的约束条件,对样机效率进行提高。将电磁场、结构力场及机械运动耦合求解,建立仿真模型并试验验证了模型的正确性。利用此模型,在电容储能不变的基础上,调整电容参数,发现改变电容参数对效率的提高没有帮助;在限定斥力线圈内外径的基础上,调整线圈参数,发现线径的改变对效率的影响很大,但样机的线圈参数已使效率达到最大,线圈参数已不需更改;进一步,在斥力盘所受应力满足Von Mises屈服准则的基础上,设计了一种""铝-钢""复合式斥力盘,发现复合式斥力盘可以提高效率。调整电容参数和线圈参数不能提高样机效率;复合式斥力盘能使样机最大动能转换效率提高至3.46%,提高了1倍。",0
"为了提高风电功率概率区间预测性能,提出了一种基于朴素贝叶斯的正态指数平滑法和混合滑动核密度估计的组合风电功率区间预测方法。首先,通过朴素贝叶斯分类器建立点预测模型;然后,分别通过正态指数平滑法和混合滑动核密度估计预测误差的概率分布,得出对应的某一置信概率下的预测区间;最后,利用熵权法合理的加权组合正态指数平滑法估计所得预测区间和混合滑动核密度估计所得预测区间,生成最终的风电功率预测区间。研究结果表明:与正态指数平滑法和混合滑动核密度得出的预测区间相比,提出的熵权法加权组合预测可提高区间覆盖率、降低区间平均带宽,证明了该组合概率区间预测方法能同时兼顾可靠性和准确性。论文研究可为风电功率预测提供参考。",1
"针对柔性互联多微电网的中压直流配电系统,考虑分布式储能分散配置于各低压交、直流微电网内,提出一种无需通信便可实现多分布式储能单元系统级功率平滑的协调控制方法。在该方法中,各交、直流微电网柔性接入中压配电系统的AC-DC或DC-DC互联装置实时对中压直流电压进行采样,并以之作为其控制交、直流微电网的频率和直流电压的参考值,可实现中压直流电压、交流微电网频率和直流微电网电压的动态一致性。在上述基础上,针对交、直流内的分布式储能系统,提出含积分环节的虚拟同步控制策略,可以实现系统内多分布式储能单元的快速协调控制以进行暂态功率支撑,并且不影响系统稳态运行控制性能。通过所提控制策略,系统内多分布式储能可在无互联通信下快速且同时地响应系统内的功率扰动,平滑直流配电系统内的功率扰动,提升中压直流配电系统的可控性和稳定性。最后在PSCAD/EMTDC中搭建了相应仿真模型对所提控制方法进行了验证,证明了该方法的有效性与正确性。",0
"压缩空气储能(compressed air energy storage, CAES)是实现电网削峰填谷、促进风电高效消纳的手段之一。然而,压缩空气储能效率在较大程度上取决于运行工况,其变工况特性直接影响风储联合系统的安全高效运行。以最大化风储系统运行收益为目标,建立了考虑压缩空气储能变工况特性的风储系统运行优化模型。该模型对压缩机、透平在变工况运行时的动态效率进行了准确刻画,并采用分段线性化方法将变工况特性纳入混合整数线性规划算法。算例结果表明,优化策略与压缩空气储能的变工况特性有直接关系;考虑运行约束和动态效率能更准确反映缩空气储能的实际运行状态,可为风储系统的运行决策提供依据。",1
"储能系统的规模化应用是提高新能源消纳能力的重要手段之一,其大规模推广需要容量电价激励。然而,现有的容量电价计算方法仅与建设成本相关,收益固定,不利于调动储能电站的运行积极性。因此,提出了一种基于主从博弈的储能容量电费定价方法,同时计及了储能电站和电网的收益,储能电站作为领导者根据容量电费信号决定建设容量,电网作为跟随者依据储能容量调整容量电费,两者交互影响,直至实现均衡。在此基础上,将该博弈问题转化为双层规划问题进行求解,上层目标为储能电站收益最大化,下层目标为电网补贴成本最小化。进一步,通过Karush-Kuhn-Tucker(KKT)最优性条件,将双层规划问题转化为可直接求解的混合整数规划问题。最后,通过仿真算例验证所提方法的合理性和有效性。结果表明,主从博弈定价的方法可以有效模拟电网和电站直接的互动决策关系,保障储能电站容量电费定价的合理性。和传统方法相比,本方法在实现新能源消纳目标的同时降低了电网对储能的补贴成本。",0
"针对交直流混合微电网并网联络线功率的波动性带来的新能源消纳瓶颈问题和交、直流子网之间交互功率的优化问题,提出了一种混合储能系统容量优化配置方法。首先,考虑系统净负荷功率和分时电价,确定联络线协议功率和混合储能系统需平抑的总功率;然后,利用集合经验模态分解对混合储能系统总功率进行分析,根据不同滤波阶数下锂电池和超级电容器的充放电功率指令,采用自适应惯性权重的粒子群算法对以锂电池和超级电容器的额定功率和额定容量为优化变量的混合储能容量优化配置模型进行求解;最后,对不同滤波阶数所对应的系统年综合成本进行排序,确定系统年综合成本最小的滤波阶数和对应的储能配置方案。基于某交直流混合微电网进行了算例分析,验证了采用所提方法配置混合储能系统可有效平抑交直流混合微电网并网联络线功率的波动,降低交、直流子网间的换流损耗,提高交直流混合微电网的经济性。",0
"为更好地发挥先进绝热压缩空气储能(advanced adiabatic compressed air energy storage,AA-CAES)装置与微型综合能源系统(micro-integrated energy system, MIES)多能协调互补等优势,优化系统运行经济性及灵活性,提出一种考虑AA-CAES装置参与热电联储/供的MIES优化运行策略。首先,提出了含AA-CAES的MIES系统热电联储/供的调度架构;其次,分析了AA-CAES装置储热、换热及供热等关键环节的运行特性,建立了AA-CAES进行热电联储/供及提供旋转备用的调度模型;在此基础上,综合考虑交直流配电网和区域供热系统中调度资源的运行特点,构建了计及AA-CAES装置热电联储/供特性的MIES整体调度模型;最后,采用修改IEEE 14节点配电网和母线式区域供热系统进行算例分析。仿真结果表明,所提优化运行策略可有效削减MIES运行成本,提高MIES可再生能源消纳能力,增强MIES运行灵活性。",0
"针对含电池储能系统(batter energy storage system, BESS)的配电网参与电网仿真所需的广义综合负荷模型展开研究。阐述了BESS的仿真数学模型,搭建了基于MATLAB/Simulink的BESS仿真平台;通过对BESS暂态运行特性的仿真分析,提出了一种面向负荷的BESS等效模型并进行了检验;建立了考虑BESS的配电网广义综合负荷模型,该广义综合负荷模型由BESS等效模型和经典综合负荷模型(composite load model, CLM)并联构成;通过多场景的仿真分析,检验了提出的广义综合负荷模型的有效性和模型参数稳定性。",0
"为了提高全钒液流电池储能系统的效率,促进其高效利用,提出基于P-AWPSO (priority-adaptive weight particle swarm optimization)的功率分配策略。首先给出包含折损成本、损耗率及电池荷电状态(state of charge, SOC)一致性的多目标优化模型以及4个评价全钒液流电池储能系统功率分配的指标;然后采用P-AWPSO算法进行求解,该算法采用""先选择单元后功率分配""的思路,即先根据优先级选择参与本次功率分配的储能单元,然后在选定的储能单元内进行功率分配;最后将算法用于两个算例的仿真中,并与传统功率分配算法进行了对比。通过仿真表明,该策略能够实现全钒液流电池储能系统的功率分配,减少电池充放电次数,降低电池运行成本,提高工作效率。",0
"针对风氢耦合发电系统的燃料电池和电解槽出力响应延迟问题,本文构建了一种风力发电机、燃料电池、电解槽和超级电容耦合于直流母线的结构。根据燃料电池、电解槽和超级电容特性,提出了一种能量管理控制策略,使燃料电池和电解槽能够缓慢地补偿/消纳风力机与负荷调度之间的功率差,超级电容能快速地平滑燃料电池和电解槽响应延迟引起的功率不平衡,确保并网功率与负荷调度一致。Matlab/Simulink仿真结果验证了风氢耦合并网系统能量管理控制策略的有效性,该策略提高了系统的风电消纳能力,降低了并网功率波动。",1
"随着储能在智能电网中的推广应用,其越来越得到人们的青睐。首先,对储能进行了分类,并对其在智能电网中的作用进行了分析;然后,对储能的应用现状进行了总结,从市场规模、应用分布、技术分布和地域分布四个方面进行了详细介绍;再者,对储能的市场动态从集中式可再生能源并网、电源侧、辅助服务、电网侧和用户侧等领域进行了阐述;最后,对储能未来可能的发展趋势进行了预测。",0
"商业园区中安装电池储能电站(battery energy storage statin, BESS)能够削减用电高峰负荷,提高园区用电经济效益,但现有控制策略较为单一,难以适应未来的大规模发展与应用。为此,以商业园区储能电站为主要研究对象,提出一种考虑电池寿命的商业园区储能电站多目标运行控制策略。首先建立了基于雨流计数法的电池充放电循环次数统计方法,然后采用5阶函数拟合电池循环寿命与放电深度的关系,以此估算电池寿命衰减情况并将其作为控制子目标函数之一,达到延缓电池寿命衰减的目的。依据所提出的储能电站控制策略,基于园区分布式光伏及负荷功率预测曲线,采用遗传算法以10 min为优化区间、每隔1 min对储能系统充放电功率进行一次滚动优化,实现了储能电站的时序分钟级控制。最后,以上海某商业园区夏季典型日为例,验证了控制策略的有效性与优越性。",0
"针对光伏并网发电系统转动惯量小,在受到不同的干扰时容易脱网运行的问题,提出了一种基于超导磁储能―限流器(superconducting magnetic energy storage-fault current limiter,SMES-FCL)装置的控制策略以提高光伏并网发电系统的暂态稳定性。SMES-FCL装置通过三相变压器串联在光伏电站与配电网间的公共耦合点,具有限流和储能的双重作用。但由于该装置具有高强度的非线性和耦合性,因此采用双闭环的滑模控制(sliding-mode control,SMC)方式控制,系统外环用SMC来稳定直流侧母线电压,内环采用SMC以实现电流的快速解耦。通过仿真算例分析验证了控制策略的有效性,仿真结果表明:外部增加SMES-FCL设备可以更有效地提高光伏并网发电系统的故障穿越的能力,减缓功率波动对配电网的冲击;与PI控制策略相比,所提出的SMC控制策略增强了SMES-FCL的抗扰动性。",0
"随着交直流特高压电网建设的稳步推进、光伏、风电等可再生能源的快速发展,使得国内调峰、调频、调压压力日益加大,电网灵活性渐显不足。电化学储能作为时间维度的能量调控技术,其规模化应用及其与""厂、网、荷""及其他调节资源的协同优化运行,可有效提升电网应急响应和灵活调节能力,通过对规模化储能调峰、调频、调压、频率稳定和紧急状态恢复关键技术的介绍,并针对高压交直流混联电网中多馈入直流换相失败问题,重点就其应对特高压直流双极闭锁等紧急故障的稳定控制与紧急恢复手段进行了评述,结合示范工程建设与效能评价,为电化学储能在大电网中的推广应用提供技术支撑,使交直流混联受端电网变得更加坚强和智能。",1
"针对光伏直流升压汇集并网系统,基于半桥全桥混合型模块化多电平换流器(MMC),分析了系统预充电启动过程及停机过程。启动过程中,不控充电阶段半桥子模块及全桥子模块电压不能同步上升,且直流母线电压过低,分析了其原因并且给出了软启动方案。停机过程中,采用MMC系统的传统分组放电策略,放电初始时刻及放电组别切换时刻会产生较大的冲击电流。提出了停机过程中加入能量分配阶段,可大幅度降低直流母线电压值,从而可降低放电电阻值和耐压等级。放电阶段采用了均衡放电策略,配合能量分配阶段,有效抑制了上述冲击电流。最后,通过MATLAB/Simulink搭建了基于混合型MMC的光伏直流升压汇集系统,验证了系统启停控制策略的有效性。",0
"太阳能热气流发电作为一种清洁能源发电技术,在运行方式、改善生态等方面具有其独特优势,目前正备受国内外学者关注并已成为太阳能利用技术研究热点之一。为此,首先简述了太阳能热气流发电的基本原理,以及近年来针对集热棚、烟囱、涡轮机、蓄热层及导流锥五大关键设备进行的特性研究;进而总结了各国学者在仿真案例研究、结构参数优化、数值理论建模和经济可行性分析等方面的研究进展;在此基础上,简要介绍了近年国内外针对太阳能热气流发电已开展的物理实验平台,其中重点介绍了青海大学开发的国内首个具有发电和储能双重功能的太阳能热气流实验系统;最后,根据太阳能热气流发电当前研究现状,针对该技术在青海西部地区的综合能源系统应用、建设前景等方面提出思考和建议。",0
"纳米复合材料具有成为高储能密度电介质的潜质,在脉冲和储能领域拥有巨大应用潜力,为此利用XRD、DSC和介电谱对BaTiO_3/αCPVDF、BaTiO_3/γCPVDF复合介质的基体结晶情况和介电特性进行了分析。在室温0.1 Hz条件下,BaTiO_3体积分数为10%的BaTiO_3/αCPVDF介质相对介电常数为30,BaTiO_3体积分数为10%的BaTiO_3/γCPVDF介质相对介电常数达52,γ相复合介质介电常数要越高于α复合介质,说明在低填充量下BaTiO_3/PVDF复合介质中基体晶形特性将对Maxwell-Wagner极化强度起主要作用,并利用一维结晶分布模型对复合介质中界面密度进行表征,结合复合介质损耗峰的位置,发现界面密度与Maxwell-Wagner界面极化松弛时间存在明显负相关性,为利用Maxwell-Wagner极化调节纳米复合电介质的低频介电特性提供了方法。",0
"以柔性直流为基础的配电网柔性互联与交直流混合配电网结构将给传统的配电系统运行方式带来巨大变革和挑战。首先简要介绍了一个含大规模新能源接入、集中式储能和负荷,以及融合交、直流微电网的典型多端直流配电网系统,并阐述了基本的分层运行控制框架;然后针对底层稳定控制,分析了直流配电网电压基本控制策略;接着从直流配电网电压波动抑制、直流配电网稳定与阻尼控制,以及直流配电网多运行模式切换控制3个方面综述了提升直流配电网稳定性的关键控制技术。针对直流配电网优化运行关键技术,首先介绍了基于日前调度和实时优化控制的分层优化框架,然后从基于智能软开关(soft open point,SOP)的柔性互联配电网和复杂交直流配电网2类主要场景讨论了直流配电网长时间尺度下的优化调度问题。最后展望了直流配电网运行控制关键技术发展趋势。研究指出:就地控制需要更加柔性化以适应未来交直流配电网灵活功率控制的需求;优化运行控制将深度融合先进信息通讯、量测技术以及大数据、人工智能等技术。论文研究可为直流配电网的运行控制提供参考。",0
"为提高多微网孤岛运行供电可靠性及分布式新能源消纳能力,提出了一种柔性互联多微网多层协调控制策略。首先分析了基于柔性互联多微网的拓扑结构及控制架构特点,并根据多微网孤岛运行模式分析,提出了多微网功率互济规则;然后基于功率互济规则和多微网微电源预测输出功率,提出了多运行模式下混合储能装置控制方法;最后提出了柔性互联装置改进下垂控制策略。算例仿真分析表明:所提出的多层协调控制策略充分利用柔性互联装置控制特性,实现了多微网孤岛运行快速、自适应的动态功率互济,提高了多微网孤岛运行供电可靠性,并提升了分布式新能源消纳能力。",0
"风机叶片的雷击损伤与防护是风电场运行中迫切需要解决的问题。该文对国内外在风机叶片雷电防护领域开展的研究工作进行了系统梳理,从风机叶片的雷击观测、雷击模拟实验、雷击接闪仿真建模和防雷接闪系统优化4个方面对现有研究成果进行了总结归纳。针对现有研究存在的不足,提出未来需要从以下5个方面开展深入研究:研究建立风机叶片雷击过程的多物理量综合观测系统,针对平原、丘陵和海域不同地理、气候环境的风电场持续开展观测;提升模拟放电实验中电场时空分布的等效性,以研究叶片上行先导发展过程;在现有先导发展模型中进一步计及空间电荷场的影响,并建立可适用于模拟叶片上行雷击过程的先导发展计算模型;将叶片接闪系统优化设计与叶片雷击损伤机理研究深度结合,并考虑接闪系统优化后对叶片力学性能的影响;尽快开展针对碳纤维复合材料叶片雷击防护的系统研究。",1
"随着电力电子技术的发展,柔性直流电网成为未来能源互联网发展的重要方向。区别于常规直流输电、两端及多端柔性直流输电系统,柔性直流电网故障特性更加复杂、故障隔离设备多样化,对保护技术提出了更高要求。基于柔性直流电网自身特性和直流故障特性,具体指出了相应的保护需求。从故障检测识别方法、故障隔离设备及对应的保护方案等方面,系统地介绍了国内外对于柔性直流电网直流线路保护技术的研究现状。重点对不同的故障检测识别方法和保护方案进行了总结和评析。最后对柔性直流电网故障保护技术后续研究提出了建议。",0
"准确获取风电机雷达回波从而实现其独特性多普勒特征的提取,对解决风电场对雷达台站的无源干扰问题有重要意义。现有风电机回波积分算法忽视了散射点间距离散性,无法获取准确的风电机多普勒特征。为此,引入散射点间距参量,从雷达回波的基本方程出发,通过数学推演,获取了散射点间距对风电机回波影响的数学表征公式,从而提出了考虑散射点间距的风电机回波散射点算法。通过散射点间距不同取值范围的风电机回波时域分析,揭示了散射点间距对风电机回波多普勒特征的影响规律,实现了多普勒复杂特征的理论性解释。仿真结果表明,积分算法无法用于风电机回波保真性仿真,而合适取值下的散射点算法可以表征出风电机回波的复杂多普勒特征。",1
"应用于光伏系统的准Z源逆变器(QZSI)存在着不稳定的零动态和非线性特性,导致系统振荡、动态响应缓慢和控制器设计复杂等问题。基于输入/输出反馈线性化方法,提出将直通电流和脉冲直流电压作为状态变量建立QZSI直流侧的仿射非线性二阶模型,将原非线性系统转化为线性系统,具有模型精确、阶数低、算法简单等优点。基于此模型,设计经典PI控制器调节QZSI的输入电压,并最终实现最大功率点跟踪(MPPT)。阐述了QZSI的输入/输出线性化建模方法,并通过理论推导证明该线性化系统零动态稳定,设计QZSI直流侧与交流侧控制器,实现光伏逆变器升压、并网波形及功率控制3个目标。通过仿真及实验与经典控制策略对比,显示该控制方法能使QZSI输入电压快速跟踪最大功率点,并且在系统工作点大范围变化时能保证输入电压及并网电流波形质量。",0
"有关地震及次生灾害对电力设施影响的研究,一直是工程技术领域探索的重要课题。论文主要总结分析了输电线路、变电设备、发电设施、灾害监测和应急抢险等方面与地震及次生灾害相关的研究进展,指出了地震及其次生灾害电力设施防控亟需解决的关键问题。首先,总结了输电线路的地震受灾方式和灾害影响,指出了地震受灾及设备抗震的研究需要综合本体因素与局域地质构造因素;其次,回顾了变电设备受损机理及检测方法,指出了变电设备抗震研究中的局限性;然后,以水电站、风电结构和核电厂为例来分析发电设施的地震灾害防控研究进展,指出了发电设施研究仍以工程实际需求为导向展开;最后,综述了灾害监测及应急抢险的研究现状,建议加强新技术在地震及其次生灾害下电网防控中应用。",1
"超导磁储能(SMES)变流器是实现超导磁体与电网之间双向功率流动的关键部分,而由电磁干扰等原因造成的开关管误动会导致变流器的同一桥臂直通,严重危害了系统的安全运行。因此,首先提出了一种基于Z源变流器(ZSC)的SMES新型拓扑结构,以提高SMES运行的可靠性。其次,考虑到SMES变流器存在较强的非线性特性,因此精准的控制策略是SMES应用于电力系统的前提。针对ZSC-SMES的交流侧变流器以及直流斩波器两部分,分别提出了基于无源理论和动态演化理论的控制策略。仿真结果表明,基于该控制策略的ZSC-SMES具有高电能质量的输出特性,对功率指令具有优秀的跟踪能力,同时能够有效跟踪直流侧的参考电压。与SMES的传统PI控制策略进行对比分析,所提出的控制策略具有更好的动态性能和鲁棒性。",0
"金属丝在快脉冲电流驱动下发生爆炸,等离子体迅速扩散并与氛围气体相互作用,产生亚微米或纳米尺度的金属粉末。研究电爆炸过程的能量沉积过程及等离子体特性对于认识纳米粉体形成机制及进行参数优化具有重要意义。为此,利用光学C电学联合诊断方法,对微秒脉冲作用下,气压0.1～1.0 MPa,长度2～10 cm,直径0.1～0.4mm铝丝电爆炸现象进行了实验研究。根据电压、电流测量结果,计算并分析了沉积能量随气压、铝丝规格以及初始储能的变化规律。通过分幅成像技术与激光阴影成像等光学观测手段,对电爆炸等离子体的空间形态及扩散过程进行了观测。研究结果表明:增加气压、减小铝丝规格以及提高储能电容器充电电压均可以提高比沉积能量,而比沉积能量是影响等离子体空间分布及扩散特性的重要因素;在沉积能量不足时,等离子体沿轴向分布极不均匀,且扩散较慢;而增大比沉积能量可以有效抑制其空间分布不均匀性,同时提高等离子体扩散速度。",0
"为研究水中放电预加热过程,设计并搭建了一套水中脉冲放电系统。该系统储能电容最高充电电压10 kV,最高储能5 kJ。通过放电实验获取了水间隙从预加热至主放电过程的电压、电流波形。通过数值模拟获取了预加热阶段水中温度场、电场、电流密度场、耗散热量的空间分布,以及预加热阶段水间隙的电压波形,该电压波形与实验波形相符。通过数值模拟还分析了水介质电导率、放电间距大小、电极形状等因素对预加热阶段的影响。在实验条件下预加热过程约为毫秒量级,增加水的电导率、减小水间隙和增加电场不均匀程度,均能加快预加热过程,并发现水中最先汽化的位置为阳极尖端处,这对后续的流注起始的研究提供了参考。",0
"风力机模拟器是风电机组传动链地面测试系统的关键部件之一,研究风力机静动态特性的精确模拟技术具有重要的现实意义。论文首先总结分析目前常用风力机模拟控制方法及其存在问题;在此基础上,阐述了风力机静动态特性模拟方法,推导给出了实现转动惯量补偿的风力机模拟系统输出转矩控制方程,针对动态转矩补偿引入的微分环节可能引起的系统稳定性问题,提出了基于龙伯格加速度观测器的改进型风力机动态模拟控制策略,并分析了系统稳定性;最后进行了仿真和实验研究。仿真和实验结果表明:采用所提控制策略,可以真实模拟实际风力机大转动惯量的动静态特性,在实现动态转矩补偿的同时无需引入微分环节,有效提高了系统运行的稳定性。研究结果可为风电机组的动态模拟提供参考。",1
"为了有效提高退役后动力电池的梯次利用率,降低资源的利用成本,在主动配电网规划中,首先,考虑动力电池充放电深度,计算寿命衰减度,确定梯次利用运行的安全裕度;其次,以多场景下储能系统失电成本作为目标,并考虑分时电价政策,计算不同类型的可中断负荷的电量补偿成本,引入需求侧响应政策,实现与储能系统的联合规划;最后,考虑储能系统运行过程中全寿命周期成本及线路损耗成本,进一步修正规划目标,实现对梯次利用储能系统的选址定容。结果表明:动力电池梯次利用具有成本优势,合理的需求侧响应同样有效地降低储能系统规划成本,有效地提高了主动配电网经济效益及安全稳定的运行。",0
"随着清洁可再生能源的不断推广,分布式电源的渗透率日益增加。为提高清洁能源利用率、降低微电网成本,基于分时电价背景,首先建立双层风电预测误差模型,在综合考虑风电、光伏、火电、大电网联络线等多类型电源运行特性的基础上,以经济成本、环境成本与机组异步度为优化目标,建立了考虑风电不确定度与阀点效应的微电网协同优化模型,同时提出一种结合协同进化思想和非支配排序遗传算法的改进优化算法(CoNSGA-Ⅱ)。该算法在非支配排序遗传算法中使用了多种群进行种群间的相互合作、竞争,同时兼顾了非支配排序遗传算法优异的收敛性和协同进化算法的强大搜索能力。最后运用我国西北某微电网系统作为算例,并与传统快速非支配算法进行对比,验证了改进算法的全局最优解搜索能力和收敛性能上的优越性。",1
"准确模拟风电机叶片回波并分析其多普勒特性,是风电场杂波识别的关键问题。由于现有的散射点叠加模型无法体现出叶片复杂异形曲面上感应电流的连续性,为此,依据电磁散射理论,提出了基于散射电场的叶片回波模拟方法。根据雷达回波与散射电场的数学关系,发现目标的后向散射电场的复振幅矢量可转化为目标的回波信号回波基带信号,由此采用矩量法与物理光学法的混合算法,对散射电场进行求解,并采用短时傅里叶变换获取回波的时频域数据,通过与实测数据的对比,验证所提方法的正确性。最后,采用控制变量的方法分析了不同参数对多普勒频率的影响规律,即多普勒频率与叶片尺寸、电磁波发射频率以及叶片转速呈正相关,与方位角呈负相关,从而实现了叶片回波的多普勒特性分析,为风电机的回波识别及后续的杂波滤除工作提供了理论基础。",1
"现有试验技术在输出功率及能量方面不能满足张北工程对柔性直流换流阀(MMC换流阀)和直流断路器提出的短时电流耐受要求。为了解决该问题,对MMC换流阀和直流断路器的短时电流应力进行了分析,提出了基于超级电容储能和功率变换的试验方法。设计的试验电路采用超级电容储能降低了对试验电源容量的需求,采用基于Buck变换器实现高功率输出,采用交错并联调制方式降低功率模块的电流应力。搭建了PSCAD电磁暂态仿真模型和试验平台对丰宁站关键设备进行了短时电流耐受试验仿真,仿真和试验结果表明试验电路所输出的试验电流可有效跟踪电流指令变化,具有试验要求的输出电流等价性。",0
"制约风电消纳的一个重要因素是风电的反调峰特性,而其本质是电网向下调峰能力的不足。以提高风能资源利用率为主要目的,应用电池储能系统削峰填谷,改善系统负备用不足的现状以松弛电网调峰瓶颈,并分析了储能系统在此过程中能够带来的电网多环节效益,如风电消纳收益、峰谷电价效益、替代调峰机组效益等。根据风电时序特性生成大量场景并结合基于PAM聚类的场景削减技术,综合考虑各效益项并结合储能系统成本,求取具有普遍意义的储能综合净效益,并以该净效益最大化为目标,建立优化模型,进而提出了一种电池储能系统配置方法。最后根据西北某电网的实际数据设计了算例,验证了该配置方法的可行性。",1
"超导磁储能(SMES)系统拥有高功率密度和零电阻特性,其作为一种新型储能装置应用于电力系统是未来的必然趋势。为了更有效地平抑风电场的功率波动,以SMES和蓄电池储能系统(BESS)组成的混合储能系统(HESS)为研究对象,设计了一种分层控制策略。首先,在装置层中设计了SMES的PI加功率前馈控制器,使SMES具有稳定的直流运行电压;其次,在系统层提出了基于经验模态分解、模糊控制以及优化控制的策略,使HESS在功率分配的同时维持储能装置的荷电状态(SOC)于良好的水平,从而最大程度地补偿风电场出口的功率波动,实现风电场可靠的并网。仿真结果验证了所提出的HESS分层控制策略的有效性,为实现SMES和BESS之间不同功率、能量特性间的互补提供了新的思路。",1
"为提高风电功率预测精度,提出一种基于不同优化准则和广义回归神经网络(GRNN)的风电功率非线性组合预测方法。首先,基于灰色关联度理论,筛选出综合灰色关联度大于0的单项预测模型。然后,利用筛选出的单项预测模型以平均绝对误差最小、平均相对误差最小和均方根误差最小为优化准则构建线性组合优化模型。最后,利用GRNN神经网络对基于不同优化准则的线性组合模型进行非线性组合,得到优化模型。以实测风电功率数据对所提方法进行验证,仿真结果表明:与各单项预测模型、线性组合模型相比,所提优化模型的整体预测精度高,证明了该方法的有效性和实用性。",1
"小型化、轻量化和重频化是当前脉冲电源的主要发展趋势。高温超导电感储能型脉冲电源具有储能密度高、损耗小和对充电功率要求低等优点而受到研究人员的关注。其中,基于高温超导脉冲变压器储能和脉冲压缩的脉冲电源模式是重要的发展方向之一。为此针对脉冲电源的重频化发展趋势,提出了一种基于高温超导脉冲变压器的连续脉冲电源电路,理论分析了该脉冲电源电路的工作过程和主要性能影响因素,构建了3 kJ的高温超导脉冲变压器线圈仿真模型,对主要性能影响因素的理论分析方法进行了仿真验证。由仿真和理论计算结果可以看出,电流放大倍数随着副边电感的增大而减小,不过,断路开关的最大电压和最大电容储能比例也都随之降低。最后,利用小型高温超导脉冲变压器搭建了连续脉冲电源的实验电路,实现了连续电流脉冲的输出。仿真和实验结果证明了这种连续脉冲电源电路的可行性。",0
"为了解决传统Y源光伏逆变器并网时的共模电流问题,通常需要在电网和逆变器之间串联工频或者高频变压器实现电气隔离,但是工频变压器体积大、成本高,而高频变压器需要加入新的能量变换电路,控制复杂,效率较低。为此,提出了一种新型的无隔离变压器型Y源光伏并网逆变器拓扑结构,将光伏阵列负端与电网中性线直接相连,引入虚拟直流母线并改进脉冲宽度调制(pulse width modulation, PWM)策略,同时通过电压电流应力分析优化电容容值,解决负半周期电压跌落的问题。最终,搭建了一台基于TMS320F28335的实验样机来验证所提拓扑的有效性。仿真和实验结果表明,新型拓扑可以在确保并网电流质量的情况下,旁路共模电流回路,从而完全消除共模电流。所提非隔离型Y源逆变器拓扑可以减小逆变器的体积和成本,为光伏并网提供支撑。",0
"由于风电出力的间歇性和波动性,传统的电网运行调度模式和常规机组的调节能力已无法满足大规模风电并网的需求。利用概率性精简场景集描述日前风电出力的不确定性,推导出应对风电波动的日前机组组合决策。针对常规机组调节能力对风电消纳的制约影响,提出高载能负荷和常规机组协调运行的调度模式。在此基础上,以系统总运行成本和污染排放最小为目标建立了多时间尺度源荷协调调度模型,将日前调度、日内滚动调度和实时调度统筹兼顾配合,并采用智能优化算法逐级求解。通过实际算例验证了所提模型的合理性和实用性,为电网消纳间歇性能源提供了一种有效途径。",1
"大规模风电并网会对电力系统供需平衡以及电能质量带来巨大的挑战,采用蓄电池和超级电容构建的混合储能系统以平抑风电场输出功率波动可以有效地解决风电并网问题。利用小波包分解的分频技术对风电场不平衡功率进行分解,根据系统所允许的最大频率波动确定了系统自身消纳的高频功率波动分量,以分离出高频分量为目标确定了最优小波包分解层数和分频点,并按照储能系统成本年值最优原则实现了能量型和功率型储能的功率分配和容量配置。为实现蓄电池和超级电容荷电状态(SOC)不越限以及两者之间的配合使用,采用模糊控制算法对混合储能系统的充放电功率指令进行二次修正,保证了储能状态的实时更新和控制策略的长期运行。以某系统的实际风电场为例进行仿真分析,仿真结果验证了该方法的经济性和有效性。",1
"以风电、光伏、光热发电为主的新能源发电发展迅速,多种新能源发电同时并网运行的联合出力调度问题亟待解决。在计及综合成本的前提下,兼顾电网运行约束,提出风电、光伏及光热联合出力调度策略。该调度策略综合考虑火电机组发电成本、风电、光伏发电与光热发电并网消纳的环境效益和运行维护成本、系统旋转备用成本、调峰容量购买成本以及电网安全运行约束等因素。最后,基于遗传算法求解模型,通过IEEE-30节点算例验证了该方法的有效性。仿真结果表明,该调度模型较之对比模型的综合成本降低了5.46%,该方法能合理调度各发电形式,保证电网运行的安全性与经济性。",1
"高速机械开关是混合式高压直流断路器中的关键部件,多采用电磁斥力机构,整个运动过程涉及多物理场耦合,现阶段单一电磁场仿真并不能准确的反应开关的分闸反弹和和合闸弹跳等运动特性,开展了电磁场与机械系统动力学联合仿真的研究。首先,设计了一种基于双稳态弹簧保持机构和电磁斥力机构的高速真空机械开关;其次,提出了一种能够全面反应快速开关动态特性的电磁场与机械动力学联合仿真方法;最后,建立了高速机械开关仿真模型,仿真分析了线圈、金属盘、储能电容等参数对快速开关分/合闸运动及碰撞特性的影响并进行了优化设计。优化结果表明,所设计的高速机械开关分闸在2 ms内运动20 mm全行程。该文的优化设计方法为混合式直流断路器快速机械开关优化设计提供理论指导,对于其他快速机械开关设计也有参考价值。",0
"覆冰已经严重威胁到风电的发展,国内外学者针对超疏水涂层对风机叶片覆冰的影响进行了大量的研究,但对风机叶片运用超疏水涂层防覆冰的性能衰减研究较为缺乏。在人工气候室内对涂覆3种不同超疏水涂层的风机叶片试品进行防覆冰性能衰减试验。试验中对风机叶片超疏水涂层的冰层粘结强度、接触角、接触角滞后进行测量;并从水滴湿润模型出发,分析了覆冰/脱冰次数对冰层粘结强度、接触角、接触角滞后的影响。研究结果表明:随着覆冰/脱冰循环的进行,风机叶片涂层表面的冰层粘结强度、接触角滞后逐渐增大,接触角逐渐减小,最终其冰层粘结强度与疏水性涂层相当;冰层粘结强度、接触角、接触角滞后的变化率呈现出先增大,后减小的趋势;不同类型的超疏水涂料防覆冰性能衰减存在差异。",1
"为深入分析储能装置抑制系统低频振荡的作用机理,建立了含储能的单机无穷大系统线性化数学模型,利用阻尼转矩分析法和特征值分析法,分析了有功功率调制的储能稳定控制(P-control)和无功功率调制的储能稳定控制(Q-control)的作用路径及作用机理,并与常规电力系统稳定器(PSS)进行对比。分析结果表明,在改变励磁增益、发电机功角以及线路阻抗变化等情况下,P-control的机电模式阻尼比均保持在较高水平;相比Q-control和传统的PSS,P-control具有更大的稳定运行区间。通过MATLAB/Simulink时域仿真,验证了分析结论的准确性。",0
"要实现电磁发射装置连发频率的提升,重点在于缩短储能系统的充电时长。为此研究了电磁发射用蓄电池C脉冲电源混合储能系统的能量传输速率优化方法,基于等效电路模型,建立储能系统数学模型,提出了时序求解算法用以计算蓄电池组串联时序。在不改变电流峰值的同时,探讨可行的充电速率优化路线,选择了基于线路阻抗与感抗参数的优化方案,并在仿真中验证了方案的可行性。在现有系统上实现了该优化方案,实验结果显示:优化后系统的充电电流更加稳定,充电时间缩短8.34%,电流纹波下降31.8%,实现了预期结果。",0
"为了定性定量分析电动汽车大规模、高密度接入引起的电网谐波问题,提出了一种电动汽车快充充电站谐波分析模型。在综合考虑充电模式、电池特性、用户驾驶行为习惯的基础上,建立了快充充电站功率时序概率密度函数;然后,结合考虑充电机拓扑结构的谐波解析表达式,建立了计及时序特性的电动汽车充电站快充谐波分析模型;最后,以湖北某地区电动汽车充电站相关数据为依据,研究了电动汽车充电站各次谐波及总谐波畸变的时序变化规律。结果表明,电动汽车充电机拓扑结构及数量对充电站谐波特性影响显著,谐波总畸变率(total harmonic distortion rate,THD)呈现明显的时序特性。在规划接入阶段应有意识的选取合适的时段分析,并合理搭配电动汽车充电站内的充电机种类以降低谐波影响。",0
"电化学电容器(又称为超级电容器)作为一种功率密度大、循环寿命长、稳定性能优异的储能元件,近年来得到了越来越多的关注。固态/准固态超级电容器(以下简称固态超级电容器),由于其优异的可弯曲性能、挥发性与可燃性低、易于封装和成型等特点,在柔性电子、柔性储能器件、可穿戴设备等领域得到了越来越多的关注和研究。本文首先简述了固态超级电容器的优点及其构型,然后分别介绍了凝胶聚合物类电解质和无机固态电解质。凝胶聚合物电解质根据其溶剂的不同,可以分为水凝胶电解质、有机凝胶电解质和离子凝胶电解质;其中水凝胶聚合物电解质因为其优异的生物兼容性和良好的电化学性能,受到研究者的广泛关注。无机固态电解质虽然电化学性能相对较差,但是由于其完全干燥的特性,在卫星元件等特殊领域仍有重要作用。文中最后介绍了在固态电解质中氧化还原添加剂的种类和特点,并指出无机氧化还原添加剂在提高超级电容器的能量密度和功率密度方面是较好的选择。",0
"从波动平抑效果与平抑成本两个角度,对3种用于风功率波动平抑的电池储能系统(BESS)运行策略进行了对比分析。3种运行策略分别为:BESS统一运行、充放电状态随机切换;BESS分组运行、充放电状态同步切换与BESS分组运行、充放电状态异步切换。在考虑风功率预测误差随机特性的基础上,采用序贯蒙特卡洛模拟技术对上述3种策略下的BESS运行进行了模拟。基于模拟结果,在对波动平抑效果进行评估的同时,依据BESS总投资成本和电池循环寿命损耗对波动平抑成本进行估算。对比分析表明:BESS分组运行、充放电状态异步切换策略可实现波动平抑效果与平抑成本间的有效折衷,显著优于其它策略。",0
"针对局部配电网中互联微电网系统的调度问题,提出了一种优化调度模型。首先,配电网调度层通过协调各微电网与配电网之间的交互功率来改善配电网的运行状况;然后,微电网层根据配电网层的优化调度结果制定生产计划,并建立基于储能系统荷电状态(state of charge,SOC)的阶梯式功率修正策略,以保证储能系统的可调度能力。选用全局搜索能力强的改进花朵授粉算法(flower pollination algorithm,FPA)求解配电网层优化调度模型,并以IEEE-14节点系统为算例进行仿真分析。结果表明:改进FPA算法的初始种群质量与收敛速度均有所提高;配电网的网损和微电网交互功率的波动性下降;各储能系统的SOC保持在0.25～0.6区间内。研究结果证明了优化调度模型的电网友好性和改进FPA算法的有效性,且阶梯式功率修正策略可以保证各储能系统的持续可调度能力。",0
"为了精确检测新能源汇集地区的次同步谐波,引入一种基于加窗插值快速傅里叶变换(fast Fourier transform,FFT)算法和全相傅里叶变换(all-phase FFT,apFFT)的组合优化算法。通过对主瓣窄的Hanning窗和旁瓣特性优良的4项三阶Nuttall窗做卷积运算得到混合卷积窗函数,推导出基于二阶混合窗的三谱线插值校正公式,并将其应用于幅值和频率的参数检测;利用传统FFT与apFFT相位谱差值,推导出基于二者的相位差频谱校正算法,并将其应用于相位参数的提取。仿真数据与实际应用结果表明,该算法能较精准地实现谐波参数估计并抑制谱间干扰,可以有效实现新疆某地区次同步分量的检测。论文研究可为后续次同步振荡监控策略的研究提供数据基础。",1
"针对大规模集中式光伏并网场景下电力系统失步振荡中心迁移机理研究不足的问题,以光伏并网的阻抗特性为切入点,对失步振荡中心迁移机理进行深入研究。根据光伏电源模型及其不同故障控制策略,运用动态变化的负阻抗对光伏电源的外特性进行等效,推导了多频振荡场景下光伏通过替换同容量同步发电机与直接并网2种方式下失步振荡中心位置分布的变化规律,并通过IEEE 9节点及IEEE 39节点系统的仿真对理论分析的正确性进行验证。结果表明:随着光伏出力的增加,振荡中心分布范围从线路一侧跃迁到另一侧,且在远离电源处分布范围逐渐增加,靠近电源处分布范围逐渐减小;失步振荡中心迁移方向为向远离光伏接入点处迁移。研究结果可为含大规模集中式光伏接入的电网失步解列提供参考。",0
"当电网电压发生不平衡时,采用模块化多电平变流器(modular multilevel converter,MMC)实现的高压直流输电系统会发生交流侧电流不对称、有功/无功功率产生二次脉动等问题。为了解决这些问题,根据MMC的拓扑结构建立了电网不平衡条件下MMC的数学模型,在此基础上建立MMC的Lyapunov模型,制定出了基于Lyapunov函数的非线性控制理论的控制策略,并讨论了关于控制不精确问题及参数选择范围。通过在Matlab/Simulink平台上对所提出的Lyapunov函数控制策略与传统PI控制方法的控制效果进行了对比,表明了所提出的控制方法的有效性和优越性,并在硬件平台上做了进一步实验验证。",0
"针对直流系统换相失败后引起的送端交流母线会出现暂态过电压的问题,详细分析了直流换相失败后送端交流母线出现暂态过电压的机理,提出一种根据暂态过电压的大小来确定调相机容量进而抑制暂态过电压的策略,并在此基础上对定电流控制环节参数进行优化,达到进一步抑制暂态过电压的目的。仿真结果表明:所提策略对于受端单相接地故障引起的换相失败所产生的送端母线暂态过电压具有有效的抑制能力;再结合直流控制系统参数优化,对于受端三相接地故障引起的换相失败所产生的送端母线暂态过电压可起到进一步抑制的效果。该策略对于含风电场的交直流混联系统故障后送端暂态过电压的抑制具有一定的指导意义。",1
"针对混合微电网不平衡工况下交流母线电压不平衡、直流母线电压二倍频波动和三相电流不平衡等电能质量问题,提出交直流母线接口变换器多模态运行控制策略,所提策略可以使接口变换器实现功率双向传输与电能质量治理统一控制,提高了变换器的利用率,降低了系统运行成本。首先,根据接口变换器在不平衡工况下的瞬时功率传输特性,并结合变换器带载情况及交、直流母线电压质量的不同要求,将变换器的工作方式划分为3种主要运行模态:电流不平衡补偿、电压不平衡补偿和直流电压稳定。其次,将交直流混合微电网作负序等效,通过引入多模态控制参数,实现对接口变换器负序等效阻抗控制,详细阐明了各工作模态系统的工作原理并通过伯德图详细分析了所提控制策略对三相不平衡电压、电流的补偿特性。最后,通过实验验证了所提控制策略的有效性。",0
"光伏出力的随机波动性对电网稳定运行产生一定影响,针对这一问题,提出了基于自适应变分模态分解的混合储能系统(hybrid energy storage system, HESS)平滑光伏出力波动方法。首先,针对典型光伏出力场景,结合光伏功率波动标准及储能元件特性,对光伏原始功率自适应的进行变分模态分解,从而实现功率初级分配;其次,在储能系统内部,监测超级电容荷电状态,通过模糊控制对储能元件初级功率进行二次修正。研究结果表明:所提控制策略能够自适应地实现光伏出力的最佳分解及合理分配,在有效减少光伏出力波动的同时避免了储能元件出现冗余容量;基于模糊控制的初级功率优化修正,使储能元件在荷电状态(state of charge, SOC)安全范围内工作,极大延长了储能元件的经济寿命。研究结果为变分模态分解算法的广泛应用提供了坚实基础,同时为实现大规模光伏电站的可靠并网及进一步开展光伏功率在线控制提供了一定的理论依据。",0
"为了提升存量的分布式储能信息化管控水平和储能系统资源利用率,充分发挥分布式储能资源的多元化价值,基于共享储能理念,采用微服务设计方法,提出了一种分布式储能网络化运营平台架构。同时针对分布式储能时空分散特性较强的特点,采用分层分区控制方法,提出了一种分层分区电能优化调配策略。提出的分布式储能运营管控平台架构和电能优化调配策略,可满足市场化背景下分布式储能与电网深化互动运营需求,可实现平台运营商和分布式储能系统拥有者各方效益最优化。",0
"在光伏直流升压汇集系统中,当串联光伏单元光照不均时,光伏侧级联升压变流器单元输出电压不均衡会导致传统控制策略难以实现光伏出力较低光伏模块的最大功率点跟踪(maxmum power point tracking,MPPT)控制。为此,提出了基于斜率控制的权重分层控制策略,根据光伏模块间功率权重差值的变化来调整升压变流器输出侧的电压,以达到提升低输出电压模块的端口电压,使光伏模块运行在MPPT模式的要求。分析了权重分层控制策略的原理和隔离型DC/DC变换器占空比限制对MPPT控制造成的影响,并通过在MATLAB/Simulink对该策略的有效性进行验证。结果表明,所提控制策略在辐照重度不均衡时可实现功率权重较低模块的MPPT工作模式,改善了光伏系统并网出力的特性,也实现了控制模式的平滑切换。论文研究可为光伏直流升压汇集系统的控制提供参考。",0
"为了通过调度电动汽车充放电来消纳更多的风电,提出一种计及电动汽车可调度能力的风/车协同参与机组组合策略。将电动汽车负荷按照可调度能力划分为无序充电负荷、可调度充电负荷和可调度充放电负荷,利用车辆行驶行为特性模拟电动汽车出行规律,建立电动汽车状态矩阵和电动汽车可调度充放电容量模型。将电动汽车充放电负荷作为机组组合中的变量,建立电动汽车与风力发电协同参与的机组组合模型。从经济效益角度分析当汽车充放电采用分时电价模式,运营商在不同类型可调度电动汽车互相组合情况下,常规机组运行费用、风电弃风量以及调度电动汽车充放电时运营商获益情况和用户充电花费情况。算例分析结果表明电网通过合理调度电动汽车充放电可以提高风电消纳能力并降低车网互动成本。",1
"统一电能质量调节器(UPQC)结合了串联型和并联型有源滤波器两者的功能,是可进行多重电能质量综合治理的定制型电力技术装置。常规UPQC补偿控制中,串联变流器单元只在电源电压发生跌落时工作,且不参与负载无功功率的补偿,因此并联变流器单元常处于重载状态,同时当电源瞬时中断或电压暂降较深时,常规UPQC通常无法正常工作。为此,提出了一种含有储能单元的UPQC功率协调控制策略,通过合理分配串、并联变流器的功率输出,将串联变流器的工作电压维持为额定值,最大限度地分担了并联变流器的负担,并保证其在工作过程中不会超过容量限制。同时,由于利用储能单元将电源电流维持为正常工况下负载电流的有功分量,可以防止电源电压跌落时馈线电流的增大,消除了配网馈线过电流的风险。在电源电压跌落为零的特殊情况下,此时储能单元提供所有的负载有功功率,保证了对负荷的不间断供电。在PSCAD/EMTDC仿真平台中搭建了UPQC功率协调控制模型并进行验证,仿真结果表明,所提策略通过合理分配UPQC串联变流器、并联变流器与储能单元3者之间所承担的功率,可有效减小UPQC的容量配置。",0
"为了更精确地分析风电波动平抑过程中储能容量配置的影响因素,在相同并网波动率要求下,采用模型预测控制(MPC)算法作为控制策略。首先,分析了不同波动率限制和波动平抑顺序的影响,从而选取合理的波动率及平抑顺序;再者,分析了不同的风电采样时间尺度和储能荷电状态(SOC)的影响,从而获取可信的储能容量;最后,分析了不同幅频特性风电的影响,从而确立配置较大储能的风电类型。仿真结果表明:不同的波动率及其平抑顺序需配置不同的储能;储能配置一般与风电最大波动率和储能最大能量变化有关,且还需考虑储能的初始SOC和SOC运行范围;波动率较大且频率较低的风电一般需要配置较大的储能。",1
"结合仿射算术,区间非线性交流潮流方程可转化为仿射优化模型,克服了区间运算的保守性,但涉及三角函数繁琐的近似估计。基于此,提出了一类基于混合潮流方程的区间潮流计算方法。该方法首先利用交流潮流方程形成节点电压幅值/相角的仿射形式,再将该仿射形式代入线性化潮流方程中,形成关于噪声元的线性优化模型,以抑制区间扩张。含风电场的IEEE-30节点系统仿真结果表明,该方法得到的区间边界与蒙特卡洛方法结果较为接近,较仿射方法的区间边界更窄,且效率更高。",1
"针对脉冲成型单元(PFU)储能电容充电环节,研究了基于LCC的串并联谐振型变换器。为解决传统恒流控制方案带来的电流输出能力低和幅值衰减的问题,满足电源对充电效率、线性度和重复频率稳定度的要求,对工作在电流断续条件下的LCC谐振变换器电流输出特性进行研究。利用临界频率控制方案:在数字控制器内部,采用分段线性函数近似拟合法对临界断续开关周期曲线进行近似拟合,随着充电电压的变化,不断修正开关周期,实现了临界开关周期曲线的在线跟踪,有效增加了输出电流占宽比,提升了电流输出能力。在控制算法上,通过引入输出电流闭环控制,实现了恒流输出,保证了充电效率和充电电压的线性度。同时,在整个充电过程中实现了全程零电流软开关。实验数据验证了理论分析的正确性和控制方案的可行性。",0
"为了满足小型化、重频化脉冲功率装置在无市电供应环境下的充电需求,研制了一种紧凑型重频高压电源。电源使用30 V低压直流供电,分别采用初级储能电容和多模块串联叠加结构实现输出功率的放大和100 kV高压的输出;通过仿真实验拟合输出电压和功率曲线,进而分析了模块和整机的性能;然后对电源各器件进行结构设计并完成了硅凝胶灌封;最后采用两组充电运行实验测试了电源系统的性能指标。最终测试结果表明:电源能够对320 nF电容负载充电至100 kV;平均充电功率大于10 kW;充电频率1~10 Hz可调;实际电源装置的输出功率小于仿真结果,可能是由反馈电流信号纹波过大和组装的等效阻抗更大所引起。该结果验证了重频高压电源技术方案的可行性,并为研制更高性能的紧凑型重频高压电源奠定了基础。",0
"针对集成电路光刻用准分子激光光源的高重复频率、高精度和高稳定脉冲充电应用需求,设计了一种基于可控LC串联谐振的脉冲充电电源,采用实时检测电路总能量、短路电感中断谐振过程和储能电容精准泄放的技术方案,实现了输出的高重频、高精度以及每脉冲充电电压精确可调。对该充电电源的工作过程进行了理论分析,研究了系统的要点和难点,完成样机并与高重频准分子激光系统联机运行。在激光器初级储能电容5.44μF的条件下,实现了最大充电电压1.92 kV、充电重复频率4 kHz、充电电压精度",0
"随着分布式发电技术的不断成熟和发展,微网与大电网之间的友好协作变得更加重要。因此在改进下垂控制基础上增加了相位的前馈补偿思想,提出了基于线性逐次逼近相位修正算法的相位调节方法,设计了一种可实现微网从孤岛向并网运行模式切换前的同步并网控制器。通过实验可以看出,在改进后的控制策略下,频率超调量较改进前减少了约38%,频率调节时间减少了30%,并网前的相位误差几乎为0,频率误差也能控制在0.01 Hz以内,从而保证了微网的平滑稳定运行。",0
"为了稳定双极性直流微电网中由于分布式电源和负荷接入导致的功率波动,提出一种适用于双极性直流微电网的混合储能系统(HESS)控制策略。首先,根据双极性直流母线特点,设计了双超级电容-锂电池混合储能架构;再由双超级电容器运行状态关系,以级联控制方式协调锂电池与电压平衡器工作,分别平滑锂电池输出电流,以减少电压平衡器频繁动作次数;同时,通过整定双母线电压参考值来调整双超级电容的自适应下垂曲线。实验结果表明:锂电池和电压平衡器能够对双超级电容运行状态做出正确响应;该控制策略可将各电压等级母线电压有效维持在允许波动范围之内,且实现双母线之间的多能互补。因此,所提制策略可进一步提高双极性直流微电网的电能质量和改善系统的工作效率。",0
"一致性控制在直流微电网中的应用已成为近年来分布式协调控制的研究热点,但对于控制过程中全网及被控微源的阻抗特性分析却少有研究涉及。基于此,提出了适用于离散一致性控制过程中的交直流微源混联直流微电网阻抗分析方法,建立含风机、光伏、储能的交直流微源混连直流微电网阻抗模型,研究一致性控制过程中关键一致性参数诸如边界权值、通信延迟、拓扑变化对系统小信号稳定性的影响。仿真结果表明,系统的阻抗特性会随着边界权值以及拓扑结构的改变而改变,进而影响系统整体的小信号稳定性;而有限的通信延迟对系统小信号稳定性的影响较小。",0
"对于一次调频辅助服务市场下的电池储能系统(BESS)投资规划,依据固定寿命或循环寿命粗略表征电池性能衰退会造成配置效果出现偏差,从而难以实现净收益最大化。给出了兼顾调频功率需求及荷电状态(SOC)精细化管理的BESS运行控制策略,从储能电池容量衰减的角度提出了电池日历寿命预测方法,建立了以全寿命周期净现值最大化为目标的BESS配置容量与控制参数协同优化模型。算例结果验证了所提出模型的可行性和有效性,依据日历寿命预测方法能够更为准确地评估一次调频场景下的电池使用寿命,据此得到的投资净收益更为准确合理。相关研究能够为BESS参与一次调频服务的规划及运行等提供理论依据。",0
"针对由于风电功率预测准确度不确定所导致的,在电网制定日前调度计划时无法将风电出力准确等效为可调节机组的问题,研究电网负荷峰值时段不同情景模式下及与之对应的风电功率预测误差概率不确定条件下的风电预测可信度的概率分布参数估计方法,建立风电功率预测可信度鲁棒估计模型。首先构建了一定置信水平下的风电功率预测不确定性概率置信域鲁棒优化模型;然后根据日前风电预测可信度与预测误差间散度函数建立了基于预测误差概率不确定性的预测可信度鲁棒估计模型,并给出已知负荷峰值出现时间区间情景数据下的风电预测可信度鲁棒评估方法;最后根据东北地区某电网建立电力系统等值模型,并根据可信度估计参数将风电功率预测可信度等值为虚拟机组安排日前发电计划,仿真结果表明风电功率预测可信度模型能够有效抑制风电预测不确定性,提高电网风电消纳能力。",1
"混合储能型光伏并网系统不仅有效解决了传统光伏发电的随机性和波动性,同时克服了单一储能系统功率密度与能量密度相矛盾的不足。但电网电压的不平衡则会使光储微网系统的输出电能质量下降,并且逆变器侧会出现过流现象,进而影响了整个系统的运行稳定性。为抑制储能变换器中电流及系统入网功率的二倍频脉动,提高并网电能质量,在两相静止坐标系下,分析了并网电流参考值的谐波与过流问题,提出带有功率补偿的限流模型预测直接功率控制;在混合储能系统控制结构中引入二倍频陷波器,并结合模型预测电流控制,实现了系统的快速动态响应以及高电能质量入网。在MATLAB/Simulink中搭建了系统仿真模型,并针对不同工况进行了仿真验证。仿真结果表明:在不平衡电网电压下,所提控制策略可平抑储能变换器中电流与逆变器中输出功率的二次脉动,同时在实现对有功、无功功率及负序电流协调控制时,可实现对故障过电流的抑制。",0
"科学统计风电理论功率对评价其受阻情况至关重要,因此提出一种基于机群划分方法的风电场理论发电功率计算模型:首先,考虑到单机机头风速的测量偏差,通过多步k聚类算法剔除了风速数据中的异常点,完成原始数据清洗;其次,针对风速序列多重共线性特点易造成拟合失真的问题,利用方差膨胀系数进行共线性检验,并以此将风电场划分为线性强相关机群和线性弱相关机群;最后,分别利用风速中位数和弱相关风速序列建立了两个机群的理论功率神经网络拟合模型。实际算例表明:所提出的模型在多次随机测试后,风电场理论功率平均绝对偏差不超过一台单机的额定容量,相关系数接近0.98,电量相对偏差仅为0.47%,均优于其他常用方法。",1
"为研究铅炭电池(LCB)正极失效行为及高温环境的影响,对成品铅炭电池进行不同温度下的电化学循环测试以研究温度对其性能的影响。而后解剖失效前后的铅炭电池,并对其正极板进行X射线衍射、扫描电镜、电子能谱等表征分析来研究正极失效行为模式。实验结果显示:50、60℃下500次循环过后铅炭电池容量保持率<60%,而40℃下容量保持率仍保持在90%;解剖分析结果表明未循环正极板中α-PbO_2质量分数为14.55%,失效正极板中α-PbO_2质量分数<1%,失效前后正极板栅中氧重量百分比增加了10%。因此,α-PbO_2向β-PbO_2的转化及板栅腐蚀是正极失效的主要原因;且50℃的高温环境会加速板栅的氧化腐蚀进而加剧正极失效。实际应用中加强对电池工作温度的监测、控制及对正极活性物质、板栅的改性,才能有效抑制正极失效行为的发生。",0
"大规模分布式电源的并网给潮流计算中拉丁超立方抽样法的应用带来了新的问题。为解决分布式电源的累积分布函数较难获得以及相关性控制中相关系数矩阵非正定两个问题,提出了一种基于修正相关系数矩阵的改进拉丁超立方抽样法。该方法可根据离散数据,进行分层抽样得到样本,并采用正定谱分解法修正使得相关系数矩阵都能进行Cholesky分解,修正速度快误差小,毫秒级的速度便可使误差达到10-4。采用IEEE 33和PG&E69两个节点系统,验证了修正算法的准确性和有效性。仿真结果表明该方法计算速度快,在采样与输出变量的准确性和收敛性方面都要优于蒙特卡罗。",0
"针对微网群能量管理提出了一种优化策略,利用将每小时风机、光伏阵列输出功率的连续概率密度函数划分为多个状态集合的方法定义了状态函数,基于各分布式发电成本定义新的指数W评估能量管理的效果,利用遗传―禁忌搜索算法进行目标函数寻优,解决了微网群能量管理关于各分布式电源出力分配问题。采用PG&E69节点系统作为微网群算例,应用Matlab平台搭建仿真模型,以经济效益为目标对本文所提能量管理优化算法进行了仿真验证,通过微网群群级能量管理,各子微网成本均有可观降低。通过预测误差敏感性分析,验证了所提方法在预测误差方面的鲁棒性。结果表明所提能量管理策略具有良好的应用前景。",0
"为了解决风电变流器电压检测信号高速传输、大容量长期存储以及重构性能差等问题,提出了一种本征时间尺度分解(ITD)与改进内积的压缩感知重构算法相结合的变流器电压信号重建方法。该方法利用电压信号压缩与采样同时进行的思路,首先利用ITD把电压信号自适应分解为若干个合理旋转分量信号和一个残余分量,对所有分量用离散余弦变换基稀疏表示,建立基于Gauss随机投影矩阵的欠定方程;然后利用提出的基于广义Jaccard系数匹配性度量准则代替内积准则来对支撑集优化的压缩感知广义正交匹配追踪算法重建各个分量电压信号;最后对所有重构分量信号组合得到原始变流器电压检测信号。仿真表明:ITD与改进内积的压缩感知重构算法相结合的方法提高了变流器电压检测信号的重构精度,降低了重构计算复杂度,具有更好的运行效率。",1
"为了提高概率潮流预测结果的准确性,提出了考虑时变相关性的配电网条件概率潮流预测方法。首先分析了风机和光伏发电功率预测误差与其波动性的相关性;然后采用基于动态相关系数的多变量广义条件异方差模型(DCC_MVGARCH),分析了预测误差与功率波动值之间、风机与光伏之间条件相关系数的时变性;最后,以功率波动性为条件相关因素,基于时变条件相关系数,建立了风光联合条件概率分布,并采用基于直接抽样的蒙特卡洛模拟法对配电网的条件概率潮流进行求解。以IEEE37节点系统为仿真案例,在其中插入一定容量的风机和光伏,分别在5、15 min时间分辨率下对所提时变概率潮流求解方法进行仿真。结果表明考虑时变相关性的条件概率潮流能够在根据波动性的大小调整概率潮流的分布区间,使得潮流区间的分布更合理,与采用固定相关系数相比,减小了概率潮流预测的误差。",0
"针对海上风电场(OWF)经由电压源换流器型直流输电(VSC-HVDC)接入陆地电网的情景,提出了一种海上风电场陆地接入点的选择策略。该策略是在由系统规划者确定的多个备选接入方案中进行选择,这些备选接入方案能满足风电有功功率有效送出等要求。所提出的选择策略主要考察备选方案对陆地电网电压特性的影响。选择策略分为3步:(1)提出3个影响因素,分别为:岸上VSC换流站的交流电压支撑能力、由风电功率波动引起的岸上交流电压波动、VSC-HVDC输电系统的建造成本;(2)提出了与3个影响因素对应的评价公式;(3)针对这个多目标决策问题,建立一个线性加权模型,基于信息熵理论和层次分析法(AHP)获取各个指标的权重系数。使用PSS/E在中国浙江电网中进行仿真分析,结果表明,在最佳方案下,接入区域能在各个关键故障下保持电压稳定,说明该选择策略能够有效地选择海上风电场的接入点。",1
"电力储能技术种类众多,特性各异,在电力系统中的适用性应根据应用场景和决策准则进行评判。从技术性能、寿命周期内年效益、寿命周期内年成本和集成度4个角度出发,构建了电力储能技术的适用性评价模型,模型结构至上而下分为目标层、准则层、指标层和方案层。以指标层的基础数据为依据,采用层次分析法和模糊综合评价法计算指标权重和关系矩阵,并分别开展不同准则的独立评价和综合评价,最终获取不同方案的适用性评价结果。通过对4种配电网电池储能的适用性分析验证了评价模型和方法的有效性和实用性,对电力储能的规划、政策和商业应用具有重要的借鉴意义。",0
"随着张北地区风电、光电等可再生能源不断开发,大规模清洁能源并网与传输对柔性直流电网的发展与构建提出了迫切需求。综合考虑了柔性直流(VSC-HVDC)输电技术的优点,设计了一种对称双极结构作为张北四端直流电网主拓扑,采用半桥式模块化多级换流器(MMC)拓扑结构和架空线进行电力传输。同时,提出了一种新型模块化级联直流断路器拓扑,并开发了500 kV柔直换流阀和直流断路器样机,以满足张北四端直流电网的需求。",1
"主动配电网发生故障后,利用分布式电源形成孤岛可有效提高配电网供电可靠性。针对恢复过程中清洁能源与负荷功率双重时变所引起的孤岛供需不平衡现象,以及未充分发挥柔性负荷调节潜能的问题,提出一种配电网动态孤岛划分策略。首先对各时段网络进行深度优先搜索,以恢复等效负荷最大为目标函数,使清洁能源与储能共同发挥作用,得到各时段初步孤岛范围;再挖掘孤岛内可控负荷的调节潜能,以提出的可控负荷贡献度指标作为评价值,通过和声算法得到各可控负荷在各时段的最佳调节量,进而得到最优孤岛划分范围。IEEE33节点系统仿真分析表明,所提策略可有效提高负荷恢复量、降低综合成本损耗。",0
"直流电网技术是解决新能源并网和消纳问题的有效技术手段之一。为平抑新能源功率波动、负荷突变引起的直流网侧电压波动,设计了以平抑直流并网点功率波动为目标的功率平滑控制策略。构建了含风力发电、光伏发电、储能单元、交流负荷和直流负荷的六端口直流电网拓扑,搭建了基于MATLAB/Simulink仿真平台的六端口直流电网仿真模型,对新能源功率波动、负荷突变及直流线路单极对地短路故障等工况进行了仿真分析,依托于直流电网实验系统开展了实验验证。仿真与实验结果表明,该控制策略可有效减小并网点功率波动,能够较快抑制功率波动引起的直流网侧电压波动,实现了系统的灵活、可靠运行。",0
"针对油气田储层改造中金属丝电爆炸这一新的物理增产技术,为了研究电爆炸冲击波与放电参数之间的关系,搭建了电爆炸试验平台,以铜丝为负载开展了不同放电参数下爆炸特性试验。通过对放电过程中电压、电流、电阻及其沉积能量的分析,研究了电容容量和储能大小对金属丝相变时间、沉积能量及冲击波的影响规律。结果表明,在铜丝从固态到液态相变过程中,电容容量和储能大小对其影响不大,沉积能量为其理论热焓值3倍左右;在铜丝汽化过程中,随着电容储能的增加,60μF容量电容放电时的能量沉积速率要低于30μF容量电容放电,但60μF容量电容在储能较低时仍有较好的放电稳定性。在丝放电过程中,冲击波的峰值压力与铜丝汽化过程中的沉积能量有着紧密的关系,随着沉积能量的增加,它们具有相同的变化趋势。",0
"为了提高微网中储能系统的稳定性,充分发挥其功率松弛作用,提出基于功率交互及动态分配的多储能单元控制策略。首先,依据荷源功率差确定系统工作模式,并将储能主导模式进一步划分。在此基础上,提出储能单元间的功率交互控制,控制临界单元在不影响系统正常功率平衡前提下进行反向功率流动,使其荷电状态向稳定运行区间恢复;然后,针对交互修正功率及系统总功率的分配问题,提出计及可充放电量及极限功率的功率动态分配策略,优先按照各单元可充放电量比例进行分配,同时引入分配比例修正环避免既定分配策略导致的功率超限情况。最后,将所提控制策略应用于直流微网进行仿真,结果表明该策略能够实现临界储能单元荷电状态自恢复、系统总功率自分配的功能,进而提高储能系统的可靠性和灵活性。",0
"为了适应日益苛刻及复杂场景下的保供电需求,研发了多模式在线保供电移动储能装置,能够根据实际情况提供串联、并联及双回路3种保供电模式。针对3种保供电方案介绍了接入方式,提出了储能系统的供电方法及控制程序。深入分析了储能装置的控制策略及无缝切换技术,提出了重复控制与PID控制相结合的储能变流器复合控制方法,该方法能够有效提升非线性负荷接入时供电系统的电能质量。分别搭建实验平台,针对阻性、阻感和阻容3种性质的负荷进行了多模式保供电实验,实验证明该装置串联模式保供电性能最好、并联模式实现了无缝切换、双回路模式实现了多回路供电。总体上3种模式各有优缺点,该装置可以根据不同场景提供多模式的保供电方案,能够较好地实现在线保供电等目标。",0
"针对大容量混合储能系统(HESS)存在的多储能介质协调配合、多储能单元功率分配问题,提出一种""储能系统-介质组-储能单元""逐级优化的双层能量管理策略。中心分配层采用融合超级电容组荷电状态(SOC)的改进低通滤波算法,得到各介质组的功率指令。通过状态识别和人工干预,弥补该算法易导致介质组功率状态相反的不足,引入电池组功率爬升限值Plimit,进一步平滑电池组的功率输出。局部分配层引入储能系统持续可调度性和运行经济性的概念,分别建立电池组、超级电容组功率分配模型,完成上层功率指令在组内各储能单元之间的优化分配。以某储能电站某日13:00―13:30的实际出力为算例,利用AMPL/IPOPT求解器进行求解。结果表明,所提策略在满足电网对于储能系统功率需求的同时,能够合理分配各储能单元功率,使其SOC集中于0.4~0.8区间,保证各单元均留有足够的充、放电裕度,同时节约电池组运行费用17.7%。",0
"分布式光伏(PV)通常并入配电网,其大规模并网发电将对配电网的安全运行带来挑战,研究分布式光伏发电消纳能力已成为发展分布式光伏的重要内容。针对配电网信息不完整的情况,提出了一种考虑储能配置模式的多数据源融合分布式光伏发电并网接纳分析计算方法,融合来自电网调度系统、配电自动化系统、分布式发电监控系统的实时量测数据及历史数据,计量、营销、负控等系统的电量数据及历史数据,补全了分布式电源并网接纳能力分析模型。考虑电网侧、分布式发电侧等不同配置模式下储能参与电网电压调节的能力,并以电压偏差及电压波动指标作为定量计算的目标值,短路电流、支路载流量等安全性指标作为约束,经济性和可靠性指标作为校验,进行接纳能力分析。最后通过实际配电网算例验证了所提方法的有效性和可行性,结果表明,储能配置在电网侧较配置在分布式发电侧对提高配电网分布式光伏消纳效果更明显,分布式光伏消纳能力可以提高42.5%。",0
"虚拟惯量控制是风电机组参与系统调频的一种有效方式。基于风电机组比例微分(PD)虚拟惯量控制的基本原理以及单机并网系统的频率响应简化模型,对PD虚拟惯量控制的响应特性及机理进行了分析,推导了PD虚拟惯量控制与系统频率的量化关系。分析结果表明:风电机组PD虚拟惯量控制本质上为暂态频率调节过程,比例控制主要影响系统暂态频率响应的最低值,微分控制主要影响系统频率的下降速度和达到频率最低值的时间。利用实验室风电并网实验平台,在相同负荷扰动下增大PD虚拟惯量控制的比例系数后,风电机组参与系统调频的转子动能增加,最大频率偏差由0.84 Hz减小为0.59 Hz,风机转速由15.7 rad/s降低为13.4 rad/s;而增大微分系数后,系统频率的下降速度减小。实验结果与理论分析结果一致,从而证明了所述特性分析和机理分析方法的有效性,为风电机组虚拟惯量控制的参数整定和控制方法优化提供了一定的理论参考。",1
"孤立电网具有各次备用容量小、自平衡能力差的特点。为了提高风能的利用率,在保障稳态频率约束的前提下,采用综合利用一、二次备用的方法。提出了考虑稳态频率约束的系统最大可调备用容量的概念,建立了考虑稳态频率约束的机组组合优化模型。以常规机组发电成本最小和系统消纳风能最大为多目标,并通过扩展ε约束法对模型进行求解。改造后含高渗透率风电的孤立电网10机系统的计算结果表明,所提模型通过有效利用系统中各次备用,在满足系统稳态频率约束的同时,有较好的经济性以及风电的消纳能力。",1
"风电功率预测的快速全覆盖对区域风电的优化调度意义重大,现有预测算法均无法解决这一问题。为此,采用模糊聚类分析实现对风电场出力特性的有效识别和风电场集群的合理划分,将主成分分析用于区域空间特征气象参数的提取,建立了基于集群划分的区域风电功率预测技术框架。算例结果表明,单个集群的预测精度略低于传统逐风电场建模的预测精度;随着预测范围的扩大,区域集群预测与传统预测方法的精度相当,但建模量明显减少。基于集群划分的短期风电功率预测方法可在保证预测精度的同时,显著提升建模效率。",1
"超级电容器具有功率密度大、循环寿命长等优点,在分布式微网和新能源汽车中起重要作用。为进一步提高其能量密度,提出兼具锂离子电池与超级电容优势的锂离子超级电容。电极作为电容重要组成部分,很大程度上决定了整体的电化学性能。然而锂离子超级电容成本较高、技术不成熟等缺点限制了大规模应用。从锂离子超级电容基本原理入手,针对锂离子的传输过程对其分为3类,并分类综述了电极材料的研究现状,对目前存在的主要问题进行了总结,提出了未来电极材料研究的重点:复合材料、MOFs材料、柔性材料。",0
"为实现虚拟下垂与虚拟惯性2种控制方法优势互补,提出了一种储能电池(BES)参与一次调频的综合控制方法,该方法全面考虑了不同频率区间下电网对调频的需求、2种控制策略的优势与储能自身容量限制等因素。通过分析储能虚拟惯性控制策略对系统动态特性的影响,发现其阻碍频率恶化的同时也会阻碍频率的恢复,提出了一种虚拟负惯性控制策略;在此基础上,为了保证储能电池荷电状态(SoC)的维持效果,提出了一种考虑SoC反馈的自适应控制规律。最后,为了充分利用虚拟惯性控制与虚拟下垂控制的优点,定义了合适的频率偏差临界值,依据系统调频需求,选择相应的控制策略。以典型区域电网为例,在MATLAB中对1.5%阶跃扰动与20 min连续扰动进行仿真验证,并对调频效果和SoC维持效果进行综合评价,验证了所提方法的有效性。",0
"覆冰已经成为我国风电发展的严重威胁,利用疏水性涂层促进叶片表面过冷却水的滚落,减少覆冰水源,延缓叶片覆冰,是一种较有潜力的风机防覆冰手段。在人工气候试验室内布置小型风洞对涂覆4种有机硅丙烯酸酯树脂(silicone acrylate resin,SAR)疏水性涂层的NACA7715风机叶片模型进行了人工覆冰试验,并设置无涂层叶片作为对照组,试验中设置了5种风速和3种攻角参数。风速试验中每隔15 min测取了不同涂层风机叶片的覆冰重量;攻角试验中观测了各叶片在不同攻角下的覆冰分布。研究结果表明,在风速",1
"补偿脉冲发电机是一种可广泛应用于高功率激光、聚变反应堆、电磁发射及飞行器电磁弹射的特殊同步发电机,因其需要激励系统产生工作耦合磁场,导致系统体积和质量增大,可靠性降低。为提高其可靠性和储能密度,设计了一种采用永磁体激励,结构较为简单,具有较高功率密度的新型补偿脉冲电机。采用解析方法对样机进行分析,获得了样机的空、负载简化解析模型,解析模型与有限元方法的结果比较一致,可以简单准确地对该电机进行设计与分析。设计了一台缩比样机,开展了样机试验,结果表明:永磁补偿脉冲发电机绕组电感得到有效补偿,缩比样机能够输出较大功率脉冲电流,脉冲电流波形与计算和仿真分析结果基本一致。",0
"风水微网中,风电的间歇性和波动性容易造成微网功率波动频繁,恶化微网电能质量。为平滑风水微网输出功率,提出将PI-PD控制方法应用到微网内水电机组控制中,采用频域分析法分析了常规PID控制及PI-PD控制对水电机组的控制效果,提出改善水机动态响应过程的参数调整方法;建立了风水微网仿真模型,通过时域仿真比较了微网内水机采用常规PID、模糊PID和PI-PD算法的控制效果,并分析了PI-PD控制参数对微网内部动态响应的影响。理论和仿真分析结果表明,与常规PID及模糊PID相比,微网中水机采用PI-PD控制能够获得较快的调节速度、较小的反调量;合理整定PI-PD控制参数值,能够缩短微网动态响应时间,抑制微网功率振荡,保证微网安全稳定运行。",1
"传统电流源型变换器交流侧需设置交流电容器来实现交流电流的连续和能量的缓冲,但交流电容器既昂贵,又存在与交流侧电感发生谐振的风险,严重制约其大功率化。基于此,从工程实现角度出发,运用直流电流复注变换式AC/DC变换思想构造一种采用分流电感实现恒稳直流?近似正弦交流变换的大功率电流源型静止无功发生器(SVG)拓扑。分析SVG电路拓扑的原理,给出开关的触发时序;建立SVG的非线性数学模型,给出一种全局线性化的有功无功控制策略;通过仿真和实验对拓扑电路的可行性以及控制策略的正确性进行验证。结果表明,所提出的拓扑输入输出性能优良,无需滤波即可获得近似正弦波形的交流电流;全局线性化方法不依赖SVG的运行状态,控制器在全状态域控制有效,系统能在全局范围内获得良好的线性控制性能。",0
"电动汽车是一种移动负荷,其充放电行为会对电网产生巨大影响。为减小这种影响,研究了区域电动汽车协调优化的充放电策略。在1个包含居民区和工商业区的区域中,首先研究了电网侧在最优功率负荷波动和经济费用下的充放电需求,然后研究了用户侧充放电总功率与电价的关系,最后研究了中间商侧通过返利来引导用户进行协调充放电。研究结果表明:通过多目标的遗传算法进行充放电优化后,电网侧功率负荷方差有很大的优化,中间商侧得到的充放电总费用增大;中间商侧将节约的费用补贴给用户,通过0-1规划优化后,减少了电池损坏,节约了用户费用,减少了等待时长,为用户带来便利,同时中间商侧因减少的补贴费用而获利。通过3者的协调配合,实现了电网侧、中间商侧和用户侧的协调优化,该策略将1个复杂的优化过程分解成不同模块来实现,既满足了各层面的要求又使该方法更具可操作性,最后用1个算例验证了该策略的有效性。",0
"为了平抑交直流混合配电系统电网有功功率波动,保障系统安全稳定的运行,首先对比分析了3种适用于交直流混合配电系统的拓扑结构,选择了可控性能较好的两端型拓扑结构,根据负荷需求确定了合适的电压等级;其次阐述了直流母线电压波动的平抑方法,分析研究了配电系统有功功率波动协调运行控制策略,提出了1种储能系统配合交直流混合配电系统的换流站协调运行控制策略,并进行了相关指标定义及理论分析;最后在PSCAD/EMTDC软件中建立了仿真模型,对包含储能系统协调控制的稳态模型进行了仿真;依据提出的储能系统与换流站协调运行控制策略,对交直流混合配电系统短路故障进行了对比仿真及分析。仿真结果表明:在包含大量分布式电源及储能的交直流混合配电系统中,采用储能系统与换流站协调运行控制策略,能较好地平抑系统故障状态下产生的有功功率波动;在直流母线有功功率切换频繁时,控制策略能快速响应,降低对保护设备的要求,保障系统稳定运行。该换流站储能协调运行控制策略可作为平抑交直流混合配电系统电网功率波动的工程方案。",0
"直流电网在高压柔性输电、新能源接入、轨道牵引以及未来城市配网方面有着广泛的应用前景。直流断路器作为重要的控制和保护设备,是直流电网供电安全的重要保证。与交流相比,直流开断的要求更高、其实现也更加困难。根据开断原理的区别,目前的直流断路器主要分为空气断路器、电流注入式断路器和混合式断路器三类。分别对三类直流断路器进行了综述,介绍了相应的开断原理与开断方法,着重分析了中高压直流分断方面的最新技术。空气式直流断路器通过建立足够高的电弧电压实现分断,结构简单、可靠性高,在低电压等级系统中已经得到了广泛的应用。电流注入式直流断路器利用储能元件产生的反向电流注入来实现直流分断,短路分断速度较快,可用于中高压直流系统。混合式直流断路器主要利用全控型电力电子器件来实现电流分断,开断速度极快,对于不同电压等级适用性较强,然而较高的成本限制了其广泛应用。",0
"为了更好地发挥风电C氢储能与煤化工多能耦合系统(WP-HES&CCMFCS)消纳风电、降低化工能耗、减少化工污染的优势,实现WP-HES&CCMFCS能量广域协调控制蓝图,针对WP-HES&CCMFCS本地部分,分析其内部各子系统间能量传递与转换关系,基于气体产、耗过程动态平衡的原则,采用分层递阶控制原理,提出了以灵活调整优先级顺序为思想,以风电消纳最大化为目标,以煤化工系统额定不间断运行、氢储能系统(HESS)状态处于正常区间为约束的本地WP-HES&CCMFCS能量协调控制策略,构建了本地WP-HES&CCMFCS双层控制模型。最后,利用MATLAB/SIMULINK搭建了本地WP-HES&CCMFCS能量协调控制仿真模型并进行验证。结果表明,所提控制思路和方法能准确表征氢储能系统储能状态,提升风电消纳能力,实现既定目标。",1
"为了探讨大规模新能源与半波长交流输电系统(HWACTS)中并网系统(GCS)的谐振特性,以风电场的典型拓扑结构为基础,结合较精确的半波长输电线路和变压器谐波模型,建立了大规模风电场与半波长交流输电线路并网的拓扑模型及其等效分析电路。运用模态分析方法对并网系统的谐振特性进行研究,分析并网系统各节点的谐振参与因子及其元件的归一化灵敏度值,确定并网系统的谐振中心。最后,考察不同线路长度和逆变器参数变化及运行工况对并网系统谐振特性的影响,总结出不同参数对应的谐振频率范围,并给出不同运行工况相对于理想工况的谐振点频率偏差。仿真结果表明:35 kV母线是并网系统的谐振中心,半波长输电线路长度变化对并网系统的谐振影响主要集中在低频(间)谐波。此外,低压等级线路的长度变化、逆变器的网侧电感、滤波电容和外环比例系数以及特高压交流电网的短路容量对并网系统的谐振也有较大的影响。",1
"随着锂离子电池(LIBs)在电动汽车和储能领域的应用数量和规模越来越大,其安全问题日益凸显。对锂离子电池安全防护技术相关的国内外专利按照技术类别进行了筛分整理,分别从专利历年申请量、国家/地区分布、技术生命周期、技术分布以及申请人分布等方面进行了分析。从专利数量来看,在所属国家和目标市场中排在前3位的均为中国、韩国和日本;从技术生命周期来看,该技术领域目前处于快速发展期,进入该领域的申请人和专利数量均在逐年增加;从技术类别来看,电池防护技术(电池内部防护,比如防爆阀技术)专利数量最多,其次是电池材料(PTC和陶瓷隔膜),状态监控的数量最少。在对专利进行一级分类、二级分类的基础上,筛选出与电池安全状态监控、防爆、防火技术相关的专利进行了专项分析。在国内外专利检索结果及分析的基础上,提出了锂离子电池安全防护技术的未来可能技术发展方向。",0
"为平抑直流微电网中的功率波动、提升直流母线电压动态稳定性,对储能接口变换器采用具有直流电机特性的直流母线电压稳定控制策略。该方法在双闭环恒压控制基础上加入了虚拟直流电机(VDCM)环节,详细分析其工作机理并进行小信号稳定性分析,建立光储直流微电网仿真及小功率实验平台对加入VDCM前后控制方法的作用进行比较。仿真和实验结果表明,加入VDCM后的控制策略具有直流电机的惯性和阻尼特性,能够有效缓冲和抑制功率波动对直流母线电压的影响,增强直流母线电压的稳定能力。",0
"为解决传统模糊控制器未考虑各电气量之间相互影响而导致控制准确性和协调性不足的问题,综合考虑直流微网中的微源出力、负荷需求及储能状态3者关系,提出基于母线电压波动、飞轮及蓄电池储能状态的混合储能调度方案;基于该调度方案设计了考虑电气量间相互影响的多变量模糊控制器:采用带权值相乘方法建立计及电气量间相互影响的模糊关系矩阵,在此基础上对模糊输入量进行修正,建立模糊规则库,并对解模糊结果进行逻辑判断,生成储能系统的充放电控制信号;提出了以直流母线电压波动最小为目标,以瞬时功率平衡、储能装置充放电限制为约束条件的混合储能充放电优化方法。仿真结果表明当直流微网内母线电压波动超过5%时,储能系统可根据飞轮和蓄电池的储能状态,选择合适运行方式快速投入,从而维持直流母线电压的稳定;同时也验证了多变量模糊控制器与混合储能充放电优化方法的可行性和有效性,该研究对于工程实践和理论研究具有一定的参考价值。",0
"为了保证储能电站的安全稳定运行,研究了比例积分(PI)控制下储能并网变流器(PCS)的并联稳定性。首先通过等效变换的方法,用电容电流反馈等效虚拟电阻,建立了单台PCS控制模型,提出了一种dq坐标系下易于实现的全解耦并网控制策略,之后通过诺顿等效电路建立了电网阻抗存在时多台PCS并联运行模型,并对并联模型极点分布情况进行分析,结合劳斯判据给出了PCS并联系统虚拟电阻的稳定区间。结果表明:当控制参数中虚拟电阻取值在稳定区间范围内时,多台PCS并联可以稳定运行,若虚拟电阻在限定范围之外,则会产生谐振。最后,在simulink平台搭建了PCS并联运行仿真模型,仿真的结果验证了该理论的正确性。",0
"为解决电网发生极端事故工况下其调频容量需求与调频容量机会成本矛盾大的问题,通过分析电网一、二次调频过程耦合特点,给出储能辅助电网调频的方法,在此基础上,结合钛酸锂电池的充/放电倍率特性以及不同倍率下作用时间的等效折算方法,形成考虑钛酸锂电池倍率特性的调频用容量配置流程。最后,以电网发生紧急(极端)事故(发电机突然跳闸或负荷突然增加)工况为算例进行验证,结果表明,相同扰动工况下,考虑倍率特性后,钛酸锂电池所需配置的容量显著降低。仿真结果验证了所提方法的有效性及具有高倍率特性的钛酸锂电池的优势。",0
"尖晶石型钛酸锂电池以其优良的倍率性能和循环性能受到广泛应用,但是其胀气问题严重制约着电池的发展,尤其在高温下胀气更加严重。为解决该问题,选取3种商用的钛酸锂软包电池为实验对象,在高温条件下进行充放电循环,并用自行设计的电池胀气体积测试装置测试电池的胀气体积,结果表明当电池容量保持率为80%时,1号和2号电池循环至1 500次、而3号电池循环至1 000次,且对应的电池胀气率分别为43.05%、13.46%、46.55%。在整个充放电循环过程中,对电池胀气率散点进行拟合,1号和2号电池的胀气率均呈线性增长,且1号电池增长速率大于2号电池,而3号电池胀气率呈二次函数增长。通过对电池的容量衰减率和胀气率的分析,发现电池的容量衰减率随着胀气率的增大而增大。交流阻抗测试对循环前后的钛酸锂电池测试分析表明,电池的胀气率越高,则电池的欧姆阻抗越大,2者呈线性规律;而只有当电池胀气率达到一定程度时电池的电化学阻抗才会有较大变化;胀气率对扩散阻抗的影响存在一个上限。",0
"为避免孤岛直流微网中蓄电池的深度充放电以延长其使用寿命,在充分考虑蓄电池荷电状态(SOC)的基础上,提出了一种包含一次分散控制和二次集中控制的孤岛直流微网多源协调控制策略。一次分散控制用于实现各微源考虑蓄电池SOC的自治协调运行,在该控制下,直流母线电压随SOC按分段下垂特性变化,当SOC接近限值时,直流母线电压会升高或降低,导致新能源发电单元降功率或负荷减载运行。二次集中控制对一次控制的下垂曲线进行了调整,用于消除一次控制在SOC接近上限时产生的稳态电压偏差,以满足特定情况下对直流母线电压的严格要求。最后,搭建了风储孤岛直流微网硬件在环仿真(HILS)实验系统,实验结果表明,所提多源协调控制策略可有效避免蓄电池的深度充放电并提升直流母线电压质量。",0
"为了解决梯次电池在风光储电、家庭储电、移动储电等储能领域实际应用中,电池一致性管理的问题,提出一种新型的多模块并联输入串联输出(MPISO)的电池成组拓扑结构。其中,36只单体电池并联组成电池模块;DCDC为一种新型开关电源,可实现双向升降压;电池模块和DCDC组成电源模块;串联电源模块输出端,组成高压系统。基于此拓扑设计一种梯次电池储能系统,并对其进行试验研究,结果表明:储能系统可在各种情况下快速收敛各电源模块荷电状态(SOC);各电源模块可在线退出系统,且退出并不会对母线电压造成冲击。",0
"为降低直流扰动引发的电压波动、提升风机并网安全,基于PSD-BPA电力系统机电暂态仿真软件中新近开发的面向实际工程的直流控制系统,分析了送端整流侧交流电压快速波动下直流系统主要电气量的动态响应特性;揭示了整流站动态无功盈余及其引发交流过电压威胁的机制;评估了交流电压扰动特征、直流控制器参数配置对响应特性的影响;提出了直流控制参数优化措施。对于新能源规模化并网特高压直流汇集送出系统,降低整流器最小触发角限制器动作幅度、增大定电流控制总增益以及减小低压限流启动门槛值,均可改善交直流电网受扰特性,降低风电脱网威胁。",1
"水中冲击波技术应用广泛,冲击波的能量和重复频率是其实际应用的重要指标。金属丝电爆炸驱动含能材料的方法,可实现保证重复频率工作的前提下,提高冲击波能量,增强其破坏效应。为此研究了不同系统初始储能下铜丝几何参数对驱动效果的影响,分析了金属丝包覆含能材料后的放电特性,并通过对金属丝放电波形和冲击波波形的对比分析,研究了不同系统初始储能下,铜丝几何参数对驱动效果的影响。研究结果表明:覆于金属丝外部的含能材料会吸收丝爆产生冲击波的能量,从而减小冲击波峰值压力,但会增大冲击波冲量,增强了冲击波的破坏效应;系统储能较低时,存在最优金属丝参数,一定条件下使其对含能材料的驱动效果最佳,产生的冲击波最强;当系统储能较高时,金属丝直径等参数对驱动效果的影响不显著;金属丝电爆炸驱动含能材料的机制可能是强冲击波、等离子体和强辐射等因素的联合作用。",0
"针对轨道炮的应用需求,为解决电感储能型脉冲电源炮口消弧与剩余能量回收的问题,在绞肉机电路基础上提出了一种新型超导储能脉冲电源拓扑。建立了脉冲电源与简单轨道炮的仿真模型,仿真实现了轨道电流在电枢出炮口前降为0的设计并进行了能量回收,分析了电容参数和终止放电时机对系统性能的影响。仿真与实验结果表明:该拓扑可以实现充电、放电、终止放电、能量回收4种工作模态;在充电电流16.5 A的条件下,最终输出的脉冲电流峰值达到了166 A,而且在放电过程后,回收了部分能量,回馈电流为11.2 A,这减少了系统45.78%的能量损耗;电容参数的设计应同时考虑对系统电压应力和脉冲电流波形的要求,终止放电时机应在考虑延时的前提下尽量后移。",0
"为了实现重频脉冲功率源小型化,研制了基于快Marx发生器的紧凑型重频低阻抗脉冲驱动源。采用低功率电源(比如30 V电池)作为初始能源,重频高压充电电源集成大容量超级电容,可脱离外部电源重频对Marx发生器充电至100 k V,结合对高压充电电源和脉冲触发源的同步控制,实现Marx发生器的重频高功率多脉冲输出;Marx发生器中采用薄膜脉冲电容器、小型化气体开关、电感隔离以及SF6气体绝缘等设计,最高建立电压800 k V、额定储能1.6 k J;高压充电电源和脉冲触发源采用真空灌封绝缘胶等紧凑设计,全系统集成后外形尺寸约0.9 m×0.45 m×0.45 m。在实验中获得了重复频率10 Hz、脉宽150 ns、峰值电压>400 k V、电流>21 k A的连续多脉冲输出,为研制更高性能的小型化重频脉冲驱动源奠定了基础。",0
"随着光伏并网容量快速增长,其对电网稳定性影响及应对措施,已成为电力系统重要研究课题。为此,首先分析了并网点电压快速跌落和提升过程中,光伏发电单元及其并网系统受扰功率特性,以及不同控制模式对功率特性的影响。在此基础上,基于所构建的光伏发电与常规电源联合外送系统,分析了光伏并网对送端系统暂态功角稳定性影响,并针对光伏发电与常规电源分别提出了应对措施。新疆和田地区规模化光伏并网系统仿真结果,验证了所提出的应对措施可有效提升送端电网稳定水平。",0
"近年来,随着特高压直流与新能源发电的不断发展,当特高压大容量直流发生功率大扰动时,送端风电机组往往将感受到比较严重的暂态过电压,可能引发大面积风电脱网。针对此问题,深入分析了直流功率大扰动引起风机暂态过电压的机理,并提出了一种换流母线及风机暂态过电压的快速分析计算方法,推导了节点负荷变化引起节点电压变化的全微分灵敏度计算式。最后结合酒泉―湖南直流风电送出系统算例进行了仿真验证,结果表明所提方法可用来有效评估直流大扰动过程中风机暂态过电压,与经验计算方法相比,该方法将暂态过电压数值计算相对误差从21%降低至14%,具有较强的工程适用性。",1
"冲击负荷强烈的冲击性严重威胁到独立电力系统的安全稳定运行。针对现有评估指标无法准确、有效评估冲击负载的瞬时动态特性问题,提出了一套基于瞬时功率理论及源端关键参数的暂态评估指标,并对2种具有冲击性的常用负荷的启动、加减载等工作过程进行评估,该指标更能表征非线性负荷对独立电力系统影响的动态过程和暂态特性。通过改变2种负荷关键参数,使系统逐步达到不稳定极限;对电压、功角和频率进行稳定性分析,发现2类冲击负荷在系统中成为不稳定因素的区别在于产生冲击的功率类型不同,将分别引起系统频率失稳或电压失稳,进而造成电源的转速跌落或励磁保护。储能设备负载可采用恒功率充电或改善源端调速系统的方式,电动机负载可采用软启动或无功功率调节装置来缓解系统稳定性。",0
"风电机叶片动态旋转对雷达信号产生的多普勒效应,是邻近雷达台站识别风电场杂波的重要依据。现有研究手段由于难以获得精准的风电机叶片雷达回波仿真信号,进而无法获取准确的多普勒频谱。为此,避开风电机叶片雷达回波精准仿真的难题,通过叶片多普勒效应的产生机理研究,提出了一种通过叶片动态雷达散射截面(RCS)求解多普勒频谱的思想,即基于成熟的电大尺寸目标动态RCS精确求解技术,采用准静态法,运用物理光学法(PO)和等效电磁流法(ECM)构成的混合算法,获得叶片运动状态下的RCS时域曲线,最后利用短时傅里叶变换(STFT)得到叶片的多普勒频谱。基于该方法,计算并分析了风电机叶片在旋转、变矩、挥舞及倾斜等工况下的多普勒特性,为风电机雷达目标信号的识别、雷达散射截面的缩减,以及雷达侧风电场杂波的抑制提供参考。",1
"金属丝电爆炸过程伴随明显光辐射现象,该现象蕴含大量信息,为此研究了空气中铝(Al)、钛(Ti)、铁(Fe)、铜(Cu)、钼(Mo)、银(Ag)、钽(Ta)、钨(W)8种材质的金属丝以及石墨芯C在亚微秒与微秒尺度脉冲电流作用下电爆炸的光辐射特性。搭建了金属丝电爆炸实验平台与诊断系统。在系统储能500 J的情况下,将上升沿约为45 A/ns与5 A/ns的脉冲电流分别施加在长1 cm、直径200μm的金属丝/石墨芯负载上,并测量负载电压、回路电流、光强与时间积分光谱。实验结果表明,光电管可响应的光辐射起始于负载阻性电压下降时刻,并随着放电过程结束逐渐达到最大值,发光过程持续时间>300μs。从幅值来看,Ti丝电爆炸具有最强的光辐射,在5 A/ns脉冲电流作用时幅值为Cu丝的3倍。非难熔金属Al、Cu、Ag具有相似的光辐射特性,包括相似的光强C时间曲线以及具有明显线状谱的时间积分光谱;难熔金属Mo、Ta、W具有相似的光强C时间曲线且积分光谱以连续谱为主;石墨芯与难熔金属具有相似的光强C时间曲线,积分光谱却存在明显的线状谱。此外,金属丝电爆炸光辐射能量在250~380nm的波段具有较强的分量,比例最高为Cu丝,可达42.9%。不同材质金属丝电爆炸的光辐射具有很大差异,可以推测其等离子体通道温度、密度、电离度等参数存在较大差异。",0
"为改善1 MW光伏发电系统(PVG)柔性故障穿越(FFRT)能力,提出了基于全钒液流电池(VRB)储能的三相解耦型不间断动态电压恢复器(UDVR)拓扑结构。在对并网型PVG系统、VRB的等效电路模型和充放电特性、双向DC/DC变换器小信号数学模型和UDVR的工作原理进行理论分析的基础上,建立了VRB储能三相解耦UDVR与2路500 k W PVG并网系统仿真模型。PVG正常运行时UDVR处于旁路备用,检测到公共耦合点(PCC)电压故障时UDVR投入运行。依据国家最新光伏电站并网技术标准中规定的最严重电压故障边界条件,设计了6类代表性电网对称/不对称跌落/骤升故障工况,分别对投入UDVR时PVG系统的运行特性进行了深入分析。结果表明:针对各类PCC电压故障,三相解耦型UDVR均可灵活地向电网注入相应的补偿电压,维持了负荷端电压稳定,在宽电压故障范围实现了1 MW PVG系统FFRT运行。",0
"针对微网中源储荷的协同配置问题,为确保微网系统的经济性,在规划阶段需细致考虑源储荷的配比问题。提出了基于雨流计数法的电池健康状态评估方法,考虑储能电池健康状态(state of health,So H),以源储荷净收益最大为目标,提出了电池储能系统各时段充放电功率的优化方法,综合考虑了运行效益、补贴及上网收益、延缓配电网升级带来的效益、碳减排效益、投资运维及电池替换成本,以投资回报率为指标,建立了源储荷的协同配置模型,并提出了一种双层多目标优化求解方法,通过实际算例仿真分析,结果表明:所提出的源储荷协同配置方法能够实现微网系统的经济性,该文算例中,光储荷的适宜配比为0.7:0.125:1,储能系统持续放电时间为3 h,源储荷的协同配置受电价、负荷、收益构成、光储成本、储能技术特性等多因素制约。仿真结果证明了模型及其求解方法的有效性,可为微网中源储荷的协同配置提供参考。",0
"为了加快准Z源光伏并网逆变器的动态响应,避免电网电压矢量定向控制策略需解耦控制和多次坐标变换的不足,同时提高并网电流控制器对电网频率偏移的适应范围,将功率前馈及准比例谐振控制引入准Z源光伏并网系统中。在两相静止坐标下,将功率前馈、准比例谐振控制与直通分段空间矢量脉宽调制(SVPWM)相结合,设计了并网系统的完整控制策略。在Matlab/Simulink中搭建了系统仿真模型,并与传统控制进行对比分析。仿真结果表明:当外界环境发生变化时,采用功率前馈的准比例谐振控制策略能使系统较快地过渡到另一个稳态,且可实现对给定值的无静差跟踪控制,抗电网频率偏移能力强。",0
"高压(HV)部件是引起整星失效的单点故障源,其可靠性对于卫星在轨安全运行至关重要;充放电导致高压部件的二次放电已成为制约卫星研制和安全使用的瓶颈问题。为此,通过地面模拟高压砷化镓太阳电池阵在轨实际的带电环境,复现了高压砷化镓太阳电池阵在此环境下一次静电放电和二次放电的产生过程,并对采用被动防护方法、不同结构尺寸高压砷化镓太阳电池阵的充放电性能进行了研究。研究结果表明:局部充电不平衡是引起高压砷化镓太阳电池阵样品产生一次静电放电的原因;未涂覆室温硫化型硅橡胶(简称RTV)的三结砷化镓高压太阳电池阵样品在80 V工作电压下触发二次放电事件,导致高压太阳电池阵串电路永久性短路击穿。涂覆RTV可降低高压砷化镓太阳电池阵一次静电放电产生的放电次数和放电能量,进而减少二次放电的产生。",0
"为了消除了光照强度、负荷等突然变化对光伏系统的影响,并提高光伏系统运行的稳定性与抗扰性,本文在分析虚拟直流发电机(VDG)原理与优势的基础上,采用了将虚拟直流发电机应用到光伏系统控制策略中,由此构成光伏系统的MPPT+VDG双级控制策略,并把该控制策略应用于直流微网中的方法。Matlab/Simulink仿真结果表明,当负荷、光照强度分别发生突变时,采用MPPT+VDG双级控制的光伏系统的母线电压的波动幅值为55 V、71 V,明显小于MPPT控制的光伏系统的母线电压的波动幅值97 V、101 V,与此同时含有双级控制光伏系统的直流微网在负荷、光照强度分别发生突变时的母线电压波动大小为26.7 V、17.7 V,小于普通控制的直流微网的母线电压波动28.5 V、20 V,而且蓄电池切换次数为2次、0次也明显小于普通控制时蓄电池切换次数4次、2次。由仿真结果可知本文所提的控制策略能够提高光伏系统运行的稳定性与抗扰性。",0
"鉴于风储一体化系统中储能容量是影响风电并网系统综合技术经济性能的关键因素之一,提出了基于时序仿真原理和GA算法相结合的协调风电有功功率与其并网系统负荷功率波动的风储一体化系统中储能容量优化配比新方法。根据电网日负荷分布的规律性与风电场出力的随机性,构建了协调风电有功功率与其并网系统负荷功率波动的储能充放电控制策略数学模型;在此基础上,以储能容量最小为目标,考虑储能装置充放电效率、荷电状态与风储合成出力目标等因素,构建了基于时序仿真原理的风储一体化系统中储能容量优化配比数学模型;进一步,采用GA算法对上述时序仿真模型求解。最后,以新疆某风电并网系统实际运行数据对上述风储系统中储能容量优化配比方法进行仿真验证,结果表明:在确保风电出力对系统不构成威胁的情况下,风储功率配比≤8:1,储能系统持续最大持续充放电时间≤1.2 h,较好地兼顾了系统的技术与经济性能。",1
"高储能密度聚合物基复合电介质材料在电容器领域具有很高的应用价值,目前很多研究集中在本身具有较高的介电常数的铁电材料上。通过探讨铁电聚合物基纳米复合电介质材料储能理论、电极化特性、充放电效率等与储能密度密切相关的性能,深入分析了复合电介质材料的储能机理并提出了下一步的发展方向。并进一步讨论了目前铁电聚合物基复合电介质材料的主要制备策略,包括纳米填料表面修饰改性、多相共混复合和多层结构调控以及由此实现的介电性能和储能密度的提升。",0
"为了研究填充相和结构对聚偏氟乙烯基聚合物(PVDF)介电和储能特性的影响,采用溶液铸造和热压工艺制备了含有二维氮化硼薄片和钛酸钡颗粒的单层复合薄膜及三明治结构复合薄膜。采用X射线衍射和扫描电子显微镜分析了复合薄膜的晶体结构和形貌,利用宽频介电谱仪和铁电综合测试仪获得了薄膜的介电性能和储能特性。结果表明,制备的三明治结构复合薄膜具有优异的性能,其中BN-PVDF/BaTiO_3-PVDF/BN-PVDF三明治结构复合薄膜在10 Hz时的相对介电常数为13,放电能量密度在电场强度为350 MV/m时高达6.2 J/cm3,是单层BaTiO_3-PVDF复合薄膜的1.6倍;其击穿场强高达370 MV/m,是BaTiO_3-PVDF的1.5倍;且其放电效率为0.55。总结得出,这是因为三明治结构中上下2层引入的BN 2维薄片提高了复合介质击穿强度,缓解了电极化强度过早饱和;而中间层BaTiO_3的引入增强了复合介质的极化特性,从而获得了具有优异介电性能和储能特性的PVDF基复合薄膜。",0
"通过采用一步法制备了聚苯胺@银纳米复合纤维,并以此作为填充相,采用流延法制备了聚苯胺@银/聚偏氟乙烯(PANI@Ag/PVDF)高介电复合薄膜。结果表明,PANI@Ag复合纤维的形貌均一,直径约100 nm。在103 Hz,随着填充量的增加,复合膜的介电常数先增加后下降,但介电损耗仍急剧增加,在10%(质量分数)时已高达0.84。填充量6%(质量分数)时,PANI@Ag/PVDF复合膜介电常数达47,介电损耗仅为0.39。不同填充量的复合膜介电性能具有良好的频率稳定性,特别是在105~107 Hz之间,介电损耗值都较低,且都趋向于0.1~0.2之间。该PANI@Ag/PVDF复合材料在高性能的柔性电子器件和柔性储能材料领域具有潜在应用前景。",0
"目前,锂离子电池的安全问题越来越受到各界关注。为此,采用C80微量量热仪对镍钴铝酸锂/钛酸锂电池的主要电池材料体系进行热稳定性测试,采用ARC进行镍钴铝酸锂/钛酸锂电池的热失控试验,两相结合分析镍钴铝酸锂/钛酸锂电池体系的热稳定性。研究发现,电池热失控的温度(171℃)与隔膜的熔断温度(168.62℃)相近,LTO/电解液体系的活化能(75.43 k J/mol)远低于NCA/电解液体系(246.97 k J/mol),但NCA/电解液体系的发热量(908.42 J/g)却远高于LTO/电解液体系(284.63 J/g)。由此表明,镍钴铝酸锂/钛酸锂电池的热失控过程为:隔膜熔断导致正负极短路,然后负极材料与电解液反应积累热量,进而导致正极材料与电解液反应大量放热。整个过程从引发至热失控达到最高温度用时仅45 s。",0
"作为电容储能器件的核心材料,高储能电介质在智能电网和高能武器等先进装备领域具有重要的实用价值。为提高聚合物电介质材料的储能密度,多采用复合技术制备聚合物基纳米复合电介质。首先介绍了现有聚合物基复合体系的基本理论及结构模型,并着重从介电常数、击穿场强和介电损耗3个关键技术指标入手总结了近年来取得的相关研究成果。最后,在此基础上对聚合物基纳米复合电介质材料目前存在的科学问题进行了探讨和展望。",0
"为了加速开发具有高介电常数高储能密度的三临界电介质的过程,在Ba(Ti_(1-x)Hf_x)O_3陶瓷高介电常数成分设计中采用机器学习寻优方法与实验制备表征互相迭代的方法,建立了适用于寻找三临界成分的机器学习模型,通过机器学习寻优加速寻找具有高介电常数的三临界成分,并对几种不同优化算法的寻优效率和收敛速度进行了比较。结果表明:设计出的的高介陶瓷(摩尔分数x=11%)相对介电常数最大值约为4.5×10~4,高于传统陶瓷材料(约为1 000);同时有效地减少了尝试实验次数(约37.5%)。研究表明机器学习寻优方法可以为新型高介、高储能密度陶瓷材料开发提供新的设计方法。",0
"衰退电池的热效应与新电池有较大差异,为了明确衰退电池放电过程中的热量构成情况、为衰退电池的安全状态监测及电池热管理策略提供依据,选取了4个健康状态(SOH,83.98%、73.72%、64.79%、45.68%)的旧电池(LiFePO_4/C),进行了不同倍率下放电过程的绝热产热量测试,并研究了衰退电池直流放电内阻随荷电状态(SOC)及SOH的变化情况,分析了衰退电池SOH与其熵变系数的关系,由此计算了衰退电池在放电过程中的可逆产热及不可逆产热速率,明晰了放电产热中的热量构成。研究结果表明,衰退电池的放电内阻在0和100%SOC时较大,60%SOC左右时较小;电池熵变系数在45%~100%SOC时受SOH的影响较大;随着电池SOH的降低,由内阻引起的不可逆热所占比重增加。",0
"为提高整个光伏(PV)发电系统的控制性能,克服传统最大功率点跟踪(MPPT)算法稳定性差、跟踪速度慢等问题,在研究MPPT技术的基础上,提出了一种新的MPPT算法―变步长外推追赶迭代法,并与传统的扰动观察法进行了比较。结果表明:采用提出的MPPT算法后,整个系统跟踪最大功率点的时间由0.5 s缩短为0.35 s;所提方法实现了在相同的跟踪精度下,迭代次数由8次减少为4次,且达到最大功率点后几乎没有振荡,从而避免了过多的功率损失,同时保证了最大功率点跟踪的精准性,并实现了控制的快速性。所提算法为提高整个光伏发电系统的优越性奠定了理论基础,具有很好的应用及推广价值。",0
"为充分利用储能对电网调频性能的改善作用,对储能电池参与电网快速调频的控制策略展开了研究。通过分析含储能电池的区域电网幅频特性,得到电网可承受的最大负荷扰动范围;兼顾电网调频控制要求和储能电池容量限制因素,提出一种考虑储能电池荷电状态(SOC)因素的调频自适应控制策略,并给出了储能电池参与调频的时域评价指标;最后以典型区域电网为例对该策略进行仿真验证。结果表明:所提策略能较大幅度提升区域电网所能承受的负荷扰动最大值,即改善电网的抗干扰能力;相较其他控制策略,其在短时扰动(阶跃负荷扰动)工况下,改善频率指标的效果更为显著,而在长时扰动(连续负荷扰动)工况下,其在储能电池SOC指标效果上更有优势。研究结果验证了所提方法的有效性和优势。",0
"风力发电机组根据历史气象观测数据计算确定的多年一遇风速进行设计与选型,若气候模式在其寿命期间发生改变,风速极值分布可能出现明显变化,将对风力机的安全性造成突出影响。为此,选用我国风电开发热点区域5处气象站点近40 a气象观测数据,将其分为前后2段(1973―1992和1993―2012),利用基于广义Pareto分布的跨阈法分别计算了多年一遇极值风速。分析了长时间尺度下气候变化所致多年一遇极值风速的地域性变化规律及其对风力发电机组安全性的影响。通过前后时段和不同地域多年一遇极值风速的对比,分析发现所调研内蒙和山东站点50 a一遇和1 a一遇最大风速均呈下降趋势,长时间尺度上极值风速的变化对风力机安全性有正面影响,而华中地区站点基本持平,长时间尺度上极值风速的变化对风力机安全性无明显影响。",1
"对储能电站并网测试技术进行了深入研究,针对光储电站中MW级电池储能系统的有功、无功控制能力及功率响应时间进行测试,分析比较不同功率切换下的储能响应时间。首先对光储电站的结构进行介绍,包括光储电站电气接线图、储能系统组成及储能系统通信方案;然后分别对储能电站的有功和无功调节能力、充放电转换时间和储能系统容量进行测试,并对储能调节光伏跟踪计划出力进行测试。对测试结果进行定量分析可以看出,通过就地监控软件设置储能控制指令,储能分系统的功率切换时间在100 ms以内,通过光储电站联合调度管理系统下达功率指令对储能电站进行出力控制时,功率指令响应时间在1.5 s以内。",0
"为了提高兆瓦级中性束注入器束流引出成功率及品质,利用IGBT能快速开关及其高载流能力的特点研制了全固态抑制极电源。该电源主要由10个500 V/20 A的模块电路依次串联组成,每个模块由隔离变压器、整流滤波、IGBT管及其驱动电路、续流二极管及辅助供电组成。各模块间通过光纤由嵌入式系统STM32实现参数设置、控制和保护监测。同时对抑制极电源与加速极电源及三电极加速器之间的连接及保护方式进行分析,在极间打弧状态,并满足最小抑制时间13 ms的情况下,优化计算得到储能电容最小值为500μF及串接保护电阻为200?。通过测试,可得电源单独输出电压达到5 kV,峰值电流40 A,能在20μs内快速保护关断。同时在中性束引出系统中使用新旧抑制极电源开展对比实验,结果表明:全固态抑制极电源束流引出成功率增加20%以上,达到系统设计要求。",0
"保障风电汇集系统(WPCS)的暂态电压安全对于风能资源的大规模集群式有效开发利用具有重要意义。首先,以""三北""地区某实际风电场群为研究对象,通过分析暂态故障运行状态下风电机组和无功补偿设备的动态响应特性,详细探讨了风电汇集系统暂态电压安全事故的主要成因和发展过程;在此基础上,提出了一种风电汇集系统暂态电压安全控制策略。仿真结果表明:通过协调双馈风电机组和静止无功补偿设备在暂态过程中的控制配合,能够减缓系统遭受大扰动后的电压波动,从而抑制由于无功过剩所引发的风电机组连锁脱网事故。通过采取文中所提的电压安全控制策略,可以有效提高大规模风电并网系统的安全稳定运行能力。",1
"为探讨风电机组轴系振荡这一问题,推导出了双馈风电机组电磁、机械耦合支路的传递函数,首次建立了完全反映双质量块动态特性的轴系振荡复转矩分析模型,得到轴系振荡同步转矩系数及阻尼转矩系数的表达式,并进一步分析了该系数随风电机组不同运行转速的变化规律,揭示了风电机组在最大风功率跟踪(maximum power point tracking,MPPT)控制模式下运行转速对其轴系振荡模式的作用机理。最后,通过特征值分析和时域仿真分析验证了所建模型及分析结果的准确性。",1
"在地球大气中,平均每天约发生800万次雷电,其中幅值高达200 kA以上的雷电流约占1%,且雷电流的上升速率高达10~(11)A/s。雷电对飞机,特别是现代先进飞机的安全性造成了重大的威胁。为减少损失,在相关适航条例中,对飞机的雷电防护设计提出了严格的要求,以确保飞机在雷电环境中的安全性。综述了国内外飞机雷电防护适航要求,并结合相关飞机型号对飞机雷电防护试验进行了系统介绍。通过20多年的发展,特别是以我国某大型飞机全机雷电试验为标志,我国飞机雷电防护试验水平已经跻身国际前三。飞机雷电防护技术不仅可用于各类国防装备,也将在高铁运输、风力发电、太阳能发电等各相关领域发挥重要作用。",0
"为了满足DO-160G测试标准关于间接雷电效应测试的技术要求,开发了1种基于串联谐振电路的快速衰减振荡(FDO)波发生器。首先,调研了现有基于并联谐振电路原理的快速衰减振荡波发生器研究现状;其次,提出了基于串联谐振电路、3级电容器储能、场效应管和肖特基二极管混合器件等新型设计思路;然后,完成了高频高压电子开关设计;最后,完成了快速衰减振荡波发生器研制与试验。试验结果表明所研制衰减振荡波发生器输出电压波形的谐振频率约为10 MHz且第1峰值大于第2峰值,完全满足DO-160G测试标准的技术要求。与国外同类产品相比,所研制产品的优点是输出电压波形除第1半波外无畸变、电压利用效率为100%,而且对高压电源充电速度无快速性要求。",0
"低地球轨道(LEO)航天器(简称低轨航天器)表面充电电位及附近等离子体分布受空间环境条件的影响,空间环境变化引起的表面电位及附近等离子体分布变化会影响星上探测载荷的功能发挥。为此,通过建立低轨航天器表面电位3维仿真模型,计算了光照区、阴影区、极区极光椭圆区内,航天器表面不同材料及航天器结构地的充电电位和充电时间。研究结果表明:无光照时,航天器表面不等量带电很小,结构地电位为-0.7 V,当航天器经过存在极光电子沉降的极区时,表面不等量带电电位差>500 V;有光照时,航天器表面不等量带电电位差约为几十V,并且随着太阳电池阵偏置电位的增大而增大,同时航天器形成的尾迹形状随光照条件的变化而改变。计算数据为科学探测载荷的安装位置及主动电位控制提供了参考。",0
"动态接触电阻测量是反映SF_6断路器弧触头侵蚀状态的有效方法,但测量时影响因素较多,因而研究这些影响因素对准确分析弧触头侵蚀状态非常重要。通过建立动态接触电阻测量回路与SF_6断路器试验模型,研究了测量电流、电源型式、电弧烧蚀及断路器分闸速度对动态接触电阻的影响。研究结果表明:为获得稳定而准确的动态接触电阻,测量电流应大于1 000 A;超级电容器与蓄电池均可作为测量的电源,蓄电池输出电流更稳定;30 kA比10 kA试验电流下电弧烧蚀更严重,100次试验后动态接触电阻分别增大169.9μ?与11.9μ?;当测量电流较大时,断路器分闸速度在4.4~8.43 m/s之间变化对动态接触电阻影响较小,最大相差15.6μ?。",0
"为研究接闪器对旋转风机引雷能力的影响机理,设计了典型2 MW容量风机的1:30微缩模型,考虑了叶尖部分2种典型接闪器类型,利用波形参数为-250/2 500μs的负极性操作冲击波开展了旋转风机模型的接闪放电试验。试验采用升降法获取了各工况条件下的50%放电电压,并进行了放电过程观测。试验结果表明:在长度为1 m的间隙条件下,间隙的击穿电压随着叶片转速的升高而提升,最多提升4.07%;同时,随着接闪器曲率半径的增大,间隙击穿电压降低,迎面流注的连接位置更加接近高压电极,风机的引雷能力也增强,叶片转动对风机引雷能力的影响程度减小。分析认为,接闪器的曲率半径和叶片的转动改变了叶尖区域的电荷分布,对叶尖接闪器流注的产生和发展产生影响,从而改变了风机的引雷能力。试验结果为风电机组的接闪器设计提供了参考借鉴。",1
"新能源大规模开发,形成区域性的多个能源基地,传统的交流并网容量小、损耗高并且对区域交流系统影响大,柔性直流输电经济稳定且节省输电通道,区域性大型能源基地采用多馈入电压源型直流输电(VSC)并网,然后经电流源型直流输电(LCC)通道外送,能解决上述问题。首先论述了多馈入直流并网的可行性,然后对交直流输电技术进行了对比,并针对其工程应用的性价比进行经济性评估。然后通过设计新能源多馈入直流并网和传统交流并网拓扑结构,并配置两种方式的系统参数,最后通过DIg SILENT软件建模仿真,基于连续潮流法对比两种并网方式系统正常工况下的静态特性,基于风电场故障扰动对比分析两者的暂态特性。仿真结果确定了多馈入直流并网用于新能源大量区域性接入的优越性,该拓扑能够平抑新能源波动,增加新能源消纳,减轻传统LCC直流送端对交流电网的依赖。",1
"模块化多电平换流器(MMC)是高压大容量柔性直流(VSC-HVDC)输电工程的核心,换流器设备的参数设计和型式试验需要基于其暂态过电压的分析结果。为此,提出了模块化多电平换流器的操作过电压计算模型。基于±500 k V柔性直流输电工程的系统参数,研究了模块化多电平换流器设备的设计参数对操作过电压的影响,包括避雷器、桥臂电抗器和子模块储能电容器。结果表明:对于模块化多电平换流器,操作过电压分析中起决定作用的故障工况是换流器交流出口单相接地故障、换流器直流出口单极接地故障、和换流器交流出口相间短路故障;避雷器的荷电率增加时,模块化多电平换流器交流侧相对地、直流侧极对地和桥臂端间的最大操作过电压幅值降低;桥臂电抗器的电感值增加时,模块化多电平换流器的交流侧相对地最大操作过电压幅值降低;子模块储能电容器的电容值增加时,模块化多电平换流器直流侧极对地最大操作过电压幅值增加。研究结果可为柔性直流输电工程换流器的设计和试验提供参考。",0
"针对风电出力的间歇性和不确定性,提出考虑能量存储系统和需求侧管理的含风电场电力系统的动态经济环境协调调度模型。结合风电出力概率模型,将含随机变量的机会约束转化为确定性约束条件。在此基础上,建立含风电场及柔性资源的多目标调度模型,并提出一种基于拥挤熵的改进多目标粒子群优化(IMOPSO-CE)算法对该模型进行求解。最后以含6台火电机组和1个风电场的电力系统为算例,对不同调度情景下的仿真结果进行比较分析,验证了所提模型的合理性及IMOPSO-CE算法的有效性,为解决含风电场电力系统动态经济环境调度问题提供了一种新思路。",1
"针对传统聚类算法不易选取初始聚类中心、对噪声值较敏感、收敛速度慢及易陷入局部最优等问题,提出一种基于密度峰值的层次聚类算法对天气类型进行聚类。首先确定气象数据的密度峰值参数,采用分层聚类算法将气象数据划分为不同类别,然后利用支持向量机(SVM)对未知天气类型进行识别,最终采用径向基(RBF)神经网络建立光伏发电短期功率预测模型。仿真结果表明,该方法能有效提高气象类型的分类精度、加快寻优速度,提高离群样本点分离的鲁棒性,证明了其在小样本的情况下具有较高的精度,且在天气波动较大时仍能较好地实现功率值的预测。",0
"将微电网运行的经济性和环保性作为目标进行优化调度,可促进两者的协同优化。在算法上,传统多目标粒子群算法(MOPSO)采用拥挤距离法寻找集群最优解,局部性强而全局性较差。为此,首先构造了引入模糊相似矩阵的多目标粒子群算法(FMOPSO),以提高算法的全局性;然后综合两算法的优点,提出了混合策略下的多目标粒子群算法(HSMOPSO)。结果表明:将一欧洲典型微电网作为优化调度对象,采用HSMOPSO算法求得的非劣解集不仅更贴近真实的Pareto最优前端,且分布广而均匀,并且具备良好的多样性;在微电网中引入储能技术后,优化结果更靠近坐标原点,实现了Pareto改善。研究结果验证了所提优化算法兼具良好的局部搜索能力与全局搜索能力,同时也论证了引入储能技术可显著促进微电网经济与环保的协同优化。",0
"随着分布式电源、随机负荷、储能电池等分布式设备渗透接入配电网,改变了配电网原有的电源结构、网络结构以及负荷结构。配电网的运行方式、潮流水平及流向复杂多变。传统配电网的保护原理与配置方案已面临着严峻挑战。对此,归纳总结了分布设备渗透对配电网保护的影响,综述了现存应对措施的优劣,梳理了主动配电网新环境下继电保护的研究方向及重点,并指出亟待解决的问题,为配电网保护的后续研究提供参考。",0
"针对光伏分布式电源(PV-DG)将大量接入配电网的场景,提出了基于K-means聚类粒子群算法(PSO)的PV-DG日前出力优化算法。该算法通过K-means聚类法根据PV-DG依次接入不同配电网的节点每小时网损的分析对节点进行分类,结合设计的分配公式初始化并网节点的PV-DG出力,将此出力作为初始化粒子引入粒子群优化算中。将分时系数自回归滑动平均(ARMA)模型预测方法与常规ARMA预测方法进行了比较,仿真结果表明分时系数ARMA模型预测方法提高了预测精度;并将K-means聚类的粒子群算法与粒子群算法及模糊粒子群算法分别进行了比较,对比结果说明提出的优化方法进一步降低了网损。",0
"双馈风机是风力发电的主力机型之一,建立其机电暂态仿真模型,是研究规模化风电与电网交互作用的基础。首先依据风机有功功率和无功功率调节控制,以及风机与交流电网交互接口等不同功能划分,建立了双馈风机机电暂态仿真模型总体架构;详细解析了对应各功能的模型结构及关联关系,指明其特点和适用性。研究了风电场并网系统受扰功率特性,以及电压反馈控制、电压波动速率和波动幅度等因素对功率特性的影响。针对青海海西规模化风光新能源并网系统,提出利用风电场汇集线无功电源特性降低光伏低电压脱网威胁的措施,仿真结果验证了措施的有效性。",1
"为了对大型光伏电站进行可靠性评估,首先建立了光伏电站各主要元件的可靠性评估模型,然后定义了光伏电站可靠性评价指标体系,最后采用马尔科夫链蒙特卡洛(MCMC)方法对光伏电站可靠性进行了评估。在光伏阵列建模过程中,以误差作为限制条件采用向后场景削减技术对其状态进行了削减和划分,在保证一定精度的同时简化了抽样过程。通过对某大型光伏电站可靠性评估算例,对比分析了MCMC方法和蒙特卡洛(MC)法的指标计算结果、收敛速度和稳定性,结果验证了该方法的评估结果与MC方法结果一致,在相同的收敛条件下所需抽样次数更少,速度更快。",0
"大规模储能的应用提高了风电场/群的可调度性,降低了大规模风电并网给电网带来的运行风险。为了充分利用储能系统柔性可控能力来提高风电场的可调度性,文中提出了基于模型预测控制(model prediction control,MPC)风/储集成发电系统滚动调控策略。该策略首先根据风功率预测结果制定风/储集成发电系统期望输出,即调度指令,进而通过滚动优化,在满足储能系统荷电状态、充放电深度等约束的前提下,计算得到下一调度周期内储能系统的控制指令,以保证风/储集成发电系统中风功率与储能系统有功的合成功率输出在最大程度上跟踪调度指令。以东北某风电场实际有功输出数据为基础,计算分析了在配置不同容量储能系统时该方法的控制效果,结果表明利用该方法对储能系统进行控制能够有效的提高风电场的可调度性,在跟踪调度指令的同时保证了集成发电系统合成输出功率的平滑性。",1
"针对光伏、燃料电池等低压可再生能源发电系统,在传统Boost变换器基础上,利用耦合电感的原边替代基本Boost变换器中的独立电感,同时引入一个较小的辅助电感,提出一种单开关高增益、低输入电流纹波Boost变换器。耦合电感的使用,既增加了变换器的控制维度,又能在合适占空比条件下实现较高的电压增益;较小的输入电流纹波可以改善变换器对前端低压输入电源的电磁干扰;另外,该变换器中开关管的电压应力可以得到有效降低,有利于选取低电压等级、低导通电阻的高性能开关器件,以提高变换器的性能;详细分析了该变换器的工作原理及其稳态工作特性,并通过实验验证了理论分析的正确性与有效性。结果表明,所提变换器可以实现较高的电压增益和较小的输入电流纹波,具有实用价值。",0
"为了合理选取适用于江苏如东大规模集群式风电工程的并网方案,首先分析比较了基于交流输电方式和柔性直流输电方式的海上风电并网技术的优缺点。然后给出了基于柔性直流输电方式的海上风电场并网的几种典型拓扑,并对各种并网拓扑的优缺点进行分析。在此基础上,对规划建设中的江苏如东大规模集群式风电工程的并网拓扑展开研究,提出了全交流、交流和直流点对点、交流和直流环形、交流和直流星形4种典型的并网方案。最后,选择经济性比较范围,采用现金流折现模型,从设备成本、维护成本和损耗费用3个方面计算了所提方案的总成本,进行了经济性比较和分析。结果表明,该工程采用全交流方式时经济性最佳,其次分别为交流和直流点对点混合并网方式、交流和直流星形混合并网方式、交流和直流环形并网方式。",1
"Z源逆变器已开始应用于分布式光伏发电系统中,但传统的Z源逆变器存在升压能力有限、输入电流不连续和启动冲击等问题。采用一种新型的二极管辅助延展型Z源逆变器结构,它能够有效解决传统Z源逆变器的不足。同时,提出了一种基于Z源拓扑的新型调制策略?空间矢量脉冲宽度幅值调制(SVPWAM)策略,它通过消除每个扇区的零矢量,且在每个扇区仅在具有开关动作的单相桥臂插入直通零矢量,从而能够大大降低开关频率。软件仿真和实验结果都表明该调制策略相比于SVPWM调制,它能够更有效地降低逆变器开关损耗和谐波含量,并提高电压利用率。",0
"为提高基于单相H桥整流器和隔离双向DC-DC变换器(IBDC)的电力电子变压器C电池储能系统(PET-BESS)在功率翻转时直流电压及网侧功率的动态响应,提出一种基于自抗扰控制(ADRC)的前后级解耦控制策略。前级整流器采用直流电压外环、并网电流内环的被动功率控制,自抗扰控制器可将后级IBDC传输功率对其动态耦合当作扰动进行补偿;后级IBDC采用主动定功率控制,便于实现对蓄电池能量的调度和管理。此外,论文还给出了PET-BESS三相大规模储能应用时的模块化拓展形式及相应的载波移相(CPS)、均衡调制策略。仿真结果表明,所提出的PET-BESS及控制策略在功率翻转时可实现较好的动态特性;模块化扩展时采用载波移相及相应均衡策略可实现交流电压良好多电平波形及各模块均衡的要求。",0
"随着家居负荷控制技术和智能电网技术的不断成熟,户用型微电网优化调度已成为实现用户个性化、差异化用电服务的重要手段。首先根据户用型微电网内不同家居负荷的运行特性,建立了固定负荷、时移负荷和可调负荷模型。然后在分时电价(TOU)条件下,针对包含光伏资源、储能资源、负荷资源的户用型微电网,综合考虑用户的用电舒适度和经济性,以用户满意度最大为目标函数建立了日前优化调度模型。采用遗传和禁忌混合算法求解所提出的日前优化调度模型。通过算例验证模型和所提方法的有效性,仿真结果表明:所提模型能根据不同的用电需求为用户提供相应的优化调度方案;合理的峰谷电价比是引导用户积极参与需求侧响应的重要因素,峰谷电价比设置过高或过低均不利于需求侧响应的实施。",0
"针对分布式发电(DG)并网问题,提出了一种包含分布式发电、Z型变压器、变换器、超级电容、交流负荷和直流负荷的交直流叠加配电网拓扑。分布式发电以直流形式通过直流电压变换器和Z型变压器作为接口接入网络,使得线路同时传输直流和交流功率。为了验证交直流叠加情况下Z型变压器不会出现饱和现象,利用Ansoft软件对Z型变压器进行了磁场分析,得到Z型变压器的局部最大磁感应强度为1.73 T,硅钢片的饱和点为1.7 T,Z型变压器未出现过饱和现象。考虑到分布式发电具有输出电压较低、非连续和不稳定的特点,引入电压反馈环节控制直流电压变换器,保证线路上直流电压值恒定为1.64 k V。为了平衡分布式发电出力和直流负荷需求,引入超级电容和交直流双向变换器组成的储能系统用于调节能量平衡、作为直流功率和交流功率的桥梁,当系统发生故障时保证对负荷持续可靠供电。最后采用Matlab/Simulink仿真验证了该交直流叠加配电网系统的可行性。",0
"为了对主动配电网中的可控分布式发电单元、储能以及可切除柔性负荷等单元进行建模和优化控制,通过搭建MATLAB+Open DSS的混合仿真计算平台,提出了一种主动配电网运行优化计算模型及模型求解方法。该方法在每一个计算周期内,以主动配电网运行费用最低为优化目标,通过网格自适应直接搜索算法与二次序列规划相结合的算法,分步优化并迭代验证储能、微型燃气轮机以及可切除柔性负荷的组合方式与出力计划,实现了主动配电网的优化运行。在保证主动配电网安全运行的基础上,提高主动配电网的运行经济性和可靠性。通过对IEEE37馈线系统进行算例测试,验证了该模型及求解方法的有效性。",0
"由于风能、太阳能的间歇性和随机性问题,增大了新能源并网输出功率的不确定性。基于三点估计法建立新能源出力模型,将新能源电源输出功率为连续不确定的概率问题转化为3个估计点的确定性数学问题,并采用改进最小割集法计算电网的各项风险指标。同时,提出了适应于局部电网拓扑变化的改进方法,自动快速搜索出局部拓扑变化后的连通路集,满足大规模电网日常风险计算要求。通过对IEEE-RTS79系统及实际省网进行风险计算,结果表明三点估计法可有效实现含新能源电网的风险指标计算,所提出的改进方法满足电网日常计算要求。",0
"针对微网中可再生能源发电和负荷功率在不同时间尺度上具有不同的波动特性问题,提出了多类型储能的多级控制策略以实现功率型储能和多种能量型储能的载荷分配,从而促进多类型储能在微网中的应用推广。研究结果表明:在满足并网功率波动率等约束的同时,采用模型预测控制算法能够有效地获取储能总载荷;利用提出的基于超级电容器荷电状态的储能充放电分配策略,可以有效地实现储能载荷在能量型储能和功率型储能之间的分配;利用提出的基于度电成本的经济运行策略能够进行多种能量型储能电池单元的分配,且经济性最优。基于某微网的功率数据实验结果验证了多类型储能多级控制策略的有效性。",0
"针对沽源风电场串补输电系统的次同步谐振(SSR)特性进行分析。首先介绍了沽源风电场串补输电系统及其SSR事件,通过典型振荡现象的分析和各次振荡事件的统计,总结得到该系统SSR问题的特性以及主要影响因素。然后,建立沽源风电场串补系统的等效模型,利用PSCAD/EMTDC对典型事件进行仿真复现,结合特征值分析,对SSR机理进行进一步的解释。接着,利用特征值灵敏度分析法确定了风力机全运行区域内影响SSR特性的主导因素,并对其影响大小进行量化分析,并且进一步区分影响稳定性和谐振频率的主导因素。发现转速的变化对稳定性的影响最大,其次为:输出功率,风力机台数,串补度、转子侧内环电流比例系数。影响谐振频率的主导因素是串补度,其次为风力机台数、转速、输出功率。最后,根据现场数据和理论分析结果,为风电场的安全稳定运行提出合理化建议。",1
"为满足更长间隙距离、更高电压等级气体开关在较低工作系数下的可靠触发,设计了一种基于毛细管放电的大气压等离子体射流喷射装置,即两间隙毛细管等离子体喷射装置(two gap capillary,TGC)。通过引入中间电极将毛细管通道分为触发通道和主通道,借助触发通道在放电初始时的弱毛细管放电引燃主通道的放电,实现了重复放电。等离子体射流在触发后的169μs时达到了11 cm左右。主通道电弧电阻呈现""U型""分布,电阻值开始时随主通道电弧电流的增长快速减小,最低时不到200 m?,而后随着电流的跌落快速增加。同时,主通道电弧电阻值在电流增长时要高于电流跌落时,这一差异在流过主通道电弧电流较小时十分明显,而后随着电流幅值的增加逐渐减小。由于没有传统放电结构金属丝电爆的过程,电容器所储能量主要释放于喷射装置主通道,主通道电弧能量沉积效率几乎是传统放电结构的2倍,达到了62.7%。喷射装置寿命大概在300次左右,使用扫描电子显微镜(SEM)拍摄触发通道表面,发现喷射装置TGC中间电极的烧蚀和触发通道的碳化是影响TGC寿命的关键因素,对TGC的寿命优化设计还需做进一步的努力。",0
"采用控制线圈电流的方法可以保证永磁真空断路器分合闸时间的稳定性,为进一步提高断路器分合闸过程中线圈电流的控制精度,实现真空断路器稳定可靠的分合闸操作,提出了混合型脉宽调制(PWM)控制方法。分析了影响控制器输出电流精度的原因,并对混合型PWM控制方法原理进行了详细的阐述。对影响PWM占空比基值变化量的因素进行了详细的说明,并给出了PWM参考基值曲线的精确计算及其近似计算方法。实验数据显示,混合型PWM控制方法可以有效提高断路器分合闸的可靠性,减小了控制器输出电流的纹波,有效提高了控制电流的输出质量,使电流的误差区间减小了86%以上。",0
"柔性直流输电作为新一代直流输电技术,目前被认为是实现新能源并网和直流电网的极具潜力的输电方式,也是构建未来智能化输电网络的关键技术。柔性直流输电系统的控制是影响输电系统运行性能的关键因素之一。为此,针对柔性直流输电系统控制进行研究,首先概述了两端柔性直流输电系统接线及控制方式,着重分析了多端柔性直流输电系统的拓扑结构及其优缺点,介绍了多端柔性直流系统协调控制和功率优化控制的主要方法。然后讨论了柔性直流输电系统附加控制的多种方法,并分析了风电接入下柔性直流输电系统的控制。最后对未来直流电网构建中柔性直流输电控制技术的研究方向提出了一些建议,为后续的研究工作提供参考。",1
"通过多端直流系统接入大规模风电将会降低系统惯性,使得系统频率受负载的影响变大。针对该问题,提出了一种在多端直流系统中使用的通过控制直流电压来重新分配功率以达到调节频率作用的功率协调控制策略。此外,对于使用风机惯性响应的情况,提出了一种通过检测直流电压降落的方法来检测系统频率事故的方法,避免了通信延迟和通信失败的可能性。最后,通过在Matlab/Simulink中建立三端直流系统模型进行了仿真分析,仿真结果表明:通过检测和控制直流电压可以正确检测交流系统的频率事故;且结合使用多端直流系统功率协调控制策略和风机惯性响应可以有效解决由较大的负载不平衡导致的较大的频率事故。",1
"大规模风电经串补并网系统存在稳定性问题,为全面分析双馈风电机组(DFIG)经串补并网系统的振荡模式,建立了双馈风电机组经串补并网详细的状态空间模型。采用小信号分析法计算系统26阶状态矩阵特征值、阻尼比,基于模态频率和参与因子分析,甄别出待研系统的主要振荡模式。结果表明,该系统主要有高频振荡模式、轴系主导的振荡模式、由固定串补与变频器相互作用引起的次同步控制相互作用(SSCI)模式。变频器PI参数对SSCI频率和阻尼具有一定的影响,其中电网侧变频器(GSC)内环PI参数起主导作用;SSCI的频率受串补度的影响较大,且振荡频率在串补模态频率附近。",1
"为抑制电网电压跌落时双馈风力发电机(DFIG)的转子过电流,在分析了DFIG转子侧数学模型的基础上,提出一种转子电压补偿控制策略,即通过控制转子侧变换器(RSC)的输出电压,对转子反电动势(EMF)进行补偿。根据RSC的电压容量,分析了其完全补偿范围,同时分析了补偿控制算法对定子磁链的影响。该补偿控制算法减慢了定子暂态磁链的衰减速度,但是可以有效控制转子暂态电流。RSC的完全补偿范围与转子转速以及电压跌落深度有关,当EMF幅值在RSC的完全补偿范围之内时,该控制策略可基本消除转子电流波动;当EMF幅值在RSC的完全补偿范围之外时,该控制策略可有效抑制转子电流冲击。仿真结果表明,当电网电压标幺值跌落至0.2时,采用转子电压补偿控制可将转子电流幅值削弱39%。因此,所提出的控制策略可以增强DFIG的低电压穿越能力。",1
"为了减少超级电容均压过程中开关器件的开关损耗,提高能量利用率和均压效率,提出了一种新型的基于零电压开关(ZVS)的超级电容均压电路。分析了电路在不同开关状态下的工作原理,推导了其不同工作阶段中电压电流的关系,建立了电路的时域电压电流模型,并分析了不同参数对电路工作特性的影响,得出了新型均压电路关键参数的设计原则,通过计算得出可以实现零电压开关的条件,利用图示法表示零电压区域。仿真和实验结果证明该方法真正实现了零电压开关,均压效率超过80%,开关损耗减少75%,显著降低了开关损耗,适用于储能系统中串联超级电容器或者蓄电池的均压。并且可以基于该均压电路为基本拓扑进行扩展,便于应用在电力系统、新能源发电中的大规模储能系统,具有较高的应用价值和较好的发展前景。",0
"为分析光伏发电出力的随机特性与高渗透率可能给电网可靠性带来的影响,提出一种光伏电站多状态转移时序模型。该模型利用模糊C均值聚类方法将历史出力数据归类为四种不同天气类型,并统计其转移概率,利用ARMA方法对所有16种转移状态可能进行时间序列建模,建立更符合实际情况的多状态转移的光伏电站时间序列模型。最后在所建模型基础上,应用序贯蒙特卡罗方法评估光伏接入对系统可靠性的影响,提出一种基于典型天气电站出力的计算光伏提高系统可靠性限值的计算方法。在RTS-24节电系统中仿真结果表明所建模型符合实际光伏电站出力特性,该限值计算方法简单有效,对指导光伏电站接入系统有指导意义。",0
"储能选型作为储能规划的重要环节,追求技术的适用性和投资成本的经济性,过程涉及多重决策指标,并且具有信息不完备、定性定量信息掺杂等特点,属于多目标多属性的复杂决策问题。层次分析法(AHP)是一种定性与定量相结合、系统化、层次化的分析方法,可以用来求解储能选型问题。鉴于储能技术的基础数据多以区间或定性描述形式呈现,所以引入区间数与层次分析法相结合的区间层次分析法(IAHP)提高选型方案的可操作性。采用IAHP法构建选型方案过程中,结合储能选型问题目前没有足够的量化数据作为决策依据,选用主客观组合赋权法确定权重,首先结合专家经验,确定一层决策指标的权重,然后基于储能技术对工况需求期望值响应程度的差异性,采用熵值法确定二层决策权重,以保证选型结果具备较好的工程适用性。最后选取平抑某20MW(峰值)光伏电站出力波动工况开展算例分析,通过计算在该工况条件下,工况适用性最高的为锂电池,其次是液流电池和普通铅酸电池,钠硫电池、胶体电池和铅炭电池的工况适用性较差。通过案例分析证明,该储能选型方法可实现互有优劣势的不同储能类型间的综合量化对比,可在理论方法上为储能规划提供技术支撑。",0
"针对风力发电与电动汽车大规模地接入电网后电力系统的随机性特性愈发明显的问题,综合考虑风力发电、负荷与电动汽车的不确定性,建立了智能电网多不确定模型,并利用点估计法求解随机潮流,构造了以运行成本最小、供电可靠性最大及储能投资最小为目标函数的储能优化模型,之后利用引入非线性递减惯性权重的改进粒子群算法,在随机潮流结果的基础上对储能装置24 h的出力进行寻优计算,得出最优储能调度方案,从而抑制系统的不确定性。最后进行了算例分析,结果表明两点估计法能有效求解包含多不确定性的潮流方程,验证了所提方案的合理性。",0
"光伏Z源并网逆变这种非线性对象的一般控制方法是先线性化再线性控制,这种控制策略相对复杂且控制效果不佳。本文创新性地将基于PCHD模型的非线性无源控制引入到光伏Z源并网逆变系统中,它无需线性化处理,就可使系统具备良好的动、静态特性。首先分析了光伏Z源并网逆变器系统的原理,给出了系统的PCHD数学模型;再采用IDA方法设计出系统的无源控制器,并从理论上证明了系统的稳定性;最后Matlab/Simulink仿真软件和样机试验表明了,相比于采用传统的双闭环PID控制系统,采用本文无源控制系统的最大功率点跟踪更快,调节时间和上升时间更短,并网更有效,对外部参数变化响应更快,并网电流曲线更平滑,纹波更小,功率因数更高,鲁棒性更好。",0
"为实现了海上风电场多端直流输电系统直流网损最小,研究了一种电压下垂跟随控制策略。采集海上风电场电能参数,实时更新网侧换流站下垂增益,利用非线性规划模型来实现多端直流输电系统的优化,实现约束条件下的最优系统功率潮流。以风电场环形拓扑多端直流输电系统为例,列出目标函数和约束条件,建立最优化问题数学模型。基于序列二次规划法,针对3种电力调度模式,采用MATLAB仿真验证该控制策略的有效性。仿真结果表明,与传统电压下垂控制方法相比,该控制策略可在低风速条件下以更小的功率损失实现电能传输。",1
"双馈风电场经串补线路接入电力系统,小扰动情况下会出现次同步控制相互作用形式的次同步振荡现象。针对这一问题,由于系统运行方式的变化会对次同步控制相互作用产生影响,考虑了电力系统中风电场出力、同步发电机出力以及负荷的随机不确定性,首次采用概率法研究多运行方式下含风电场系统次同步振荡的统计属性,利用参与因子分析参与次同步控制相互作用的模式。提出基于附加阻尼控制的SVC抑制措施,研究其为相应次同步模式提供阻尼转矩以改善系统的阻尼特性。并以含双馈风电场系统为例进行时域仿真和概率次同步稳定研究,结果表明安装附加阻尼控制器的SVC能为系统振荡模式提供阻尼,阻尼常数的概率密度曲线向左半平面移动,且概率阻尼比明显增大,动态稳定性得到改善,时域仿真也验证了该次同步抑制措施的有效性。",1
"交直流混合微电网综合了交流微电网和直流微电网的优点,是未来智能微电网的可能发展方向之一。从交直流混合微电网典型拓扑分析、控制方式间的切换、互联变流器的控制等三方面对国内外的最新进展进行了介绍,并重点对典型拓扑的组网特点、适用性和优缺点,主从控制、对等控制和分层控制等不同控制方式下交直流微电网间的切换策略,互联变流器的传统控制方法与""网C网""新型控制方法等进行评述,最后给出了未来交直流混合微电网在微电网群之间的互联控制技术、并/离网切换技术以及互联变流器电路结构设计、容量选取和最优控制策略设计等的研究方向。",0
"电力系统中风电场的接入对一些安全自动装置产生影响。风电场的存在将影响传统备自投装置检无压和检无流的逻辑判断,可能导致备自投装置无法正常投切。为此对带有风电场的负荷母线残压、冲击电压和冲击电流的变化规律进行分析,提出了一种含风电场的备用电源的快速投切及其整定方法,以备用电源电压和残压间的差拍电压来整定投切条件,可以允许备用电源快速投切装置反应动作的时间更加充裕。以风电场接入某工矿企业6 k V变电站为例,用DIg SILENT软件进行仿真分析,验证了该方法能够减小备用电源投入时对系统的冲击,提高了投切的成功率和供电可靠性。",1
"在提供清洁能源在全球范围大规模开发、利用的基础平台的同时,全球能源互联网显著增加了系统风电接纳能力分析的计算量与难度。为此提出了一种等效聚合方法,对电网、常规机组以及风电场出力模型进行等效聚合,实现了对大型互联电网在不同运行方式下的逐时段运行快速生产模拟。基于此,在考虑多种风电接纳影响因素的基础上,建立了符合我国现阶段电力国情的中长期风电接纳能力评估模型。回算校验我国东北互联电网2015年实际运行数据,证明了本文所提的基于等效聚合的风电接纳能力评估模型的有效性。最后,提出了促进大型互联电网风电充分接纳的有效措施。本文研究工作对全球能源互联背景下,含大规模清洁能源并网的大型互联系统中长期规划、调度运行模式有着重要的指导意义。",1
"基于线性自抗扰控制理论设计了一种改善系统暂态稳定性的变速风电机组稳定控制器。针对每一座风电场,根据其对同步机组的可控能力划分出各风电场的可控机群,并将可控机群聚合转化风电场等效可控系统。基于该等效可控系统,利用线性自抗扰控制理论设计了风电场稳定控制器。得益于线性自抗扰控制中的扰动实部估计和补偿功能,控制器无需同步机组和风电场详细模型信息,同时还对系统运行方式变化具有良好的适应性。控制器具有分散协调的特性,无需风电控制中心协调。在改进的IEEE 39节点系统中的仿真算例验证表明了设计的控制器能够有效增强系统同步稳定性,同时对系统运行方式变化具有良好的适应性。",1
"导弹电磁发射技术使用电能代替化学能作为发射能源,是一种对导弹及导弹发射技术具有革命性影响的新概念发射技术。以提高效率和功率密度为目标,提出了一种基于磁通切换永磁直线电机的导弹电磁发射技术方案。该方案兼具感应直线电机动子结构简单坚固和永磁直线电机功率密度高的优点,适合高速运行且易于模块化扩展。直线电机选择双边绕组磁路串联结构以降低了次级动子的质量,高功率脉冲电源使用电容储能并采用多逆变器并联方案。原理样机试验结果表明:该方案在最大运行速度和最高工作频率下速度控制快速、平稳,制动过程安全可靠。",0
"针对利用风电C氢储能与煤化工多能耦合系统(wind power-hydrogen energy storage and coal chemical multi-functional coupling system,WP-HES&CCMFCS)提升风电的消纳能力,提出了基于广域协调、分层递阶控制原理的WP-HES&CCMFCS能量广域协调分层控制方法。首先,分析了WP-HES&CCMFCS内部能量流动及转换机制,提出了氢储能系统(hydrogen energy storage system,HESS)等效荷电状态(equivalent state of charge,ESOC)的概念及其数学模型,在此基础上,构建了WP-HES&CCMFCS能量广域协调分层控制架构,并定性地描述了各层及相互间耦合关系的基本控制思路。其中,底层的本地WP-HES&CCMFCS控制目标为风电最大限度消纳;多个WP-HES&CCMFCS构成的中间层集群协调控制目标为本地电能质量最优;顶层电网调度以经济性为主控目标。进一步,重点对底层和中间层控制策略进行了探讨,提出了本地电能分配控制、气体分配控制和集群""同调等值""控制三种控制方式。基于MCGS组态软件搭建了本地WP-HES&CCMFCS仿真模型,对HESS的ESOC进行了仿真验证,结果表明所提出的控制思路和方法是有效的。研究成果为广域WP-HES&CCMFCS能量协调控制的进一步深入研究提供参考。",1
"针对重要负荷高可靠和高品质供电需求,提出并设计了一种可靠供电岛方案,包括电源侧电能控制器、负荷侧电能控制器、母线电能控制器、应急电源系统、交流母线和直流母线等部分,可以实现多电源无缝转换供电、电源潮流有效控制、负荷电力定制供给、应急电源无缝并网、母线电量始终平稳等功能。全面阐述可靠供电岛的基本结构和工作原理,给出双电源带双负荷供电、采用三相四线制接线、高速电子开关替代LPC、储能系统接于直流母线、采用互备式双交流母线等5种不同可靠性等级的应用实例,并对工业设备供电、信息设备供电、安全应急供电、重要场合保电等4种典型应用场景进行分析。研究表明,可靠供电岛是一种提高供电可靠性和改善电能质量的综合性解决方案。",0
"基于混合储能的电动汽车充电站直流微网协调控制技术的研究对于维持直流微网母线电压的稳定、提高微网系统的经济效益都具有重要意义。提出了以飞轮和蓄电池混合储能作为光储充电站直流微网系统的储能形式,其中飞轮用于平滑高频功率波动和部分低频功率,蓄电池用于平衡基准功率以维持母线电压平滑稳定。并设计了直流母线5层电压(分层)协调控制策略,实现了微网系统中光伏发电、电动汽车充放电、负荷功率需求的协调控制。针对孤岛运行和并网运行中的5种不同工况,在Matlab/Simulink软件平台上对所提出的控制策略进行了仿真分析。仿真结果表明,在所有工况下,所提控制策略都能使直流母线电压在不同电压层间有效切换,维持光储充电站直流微网系统的直流母线电压平衡,实现了整个系统的灵活、可靠运行,因此该控制策略具有可行性和有效性。",0
"针对消纳智能电网中大规模的风力发电导致的运行调度难度增大的问题,建立了多类型柔性负荷分级优化调度模型,将柔性负荷分为工业高载能负荷、商业聚合负荷、智能家用负荷3类,并根据容量大小排序使其分级参与电网调度。综合风电消纳率最高、日负荷峰谷差最小和柔性负荷利用率最大3个子目标,构造了带权极小模理想点函数,并利用引入非线性递减惯性权重的粒子群算法进行求解。最后,以某地区配电网为例进行分析,分析结果表明多类型柔性负荷的分级优化能有效提高风电消纳率、缩小峰谷差并增加柔性负荷的利用率,从而验证了所提的柔性负荷分级优化方案的合理性。",1
"为提高短期电力负荷预测的精度与效率,提出一种改进流形正则化极限学习机的短期电力负荷预测方法;首先,为了改善极限学习机(ELM)的泛化性能与效率,并解决随机初始化参数导致极限学习机存在的潜在问题,采用流形正则化理论优化极限学习机;其次,针对流形正则化极限学习机中参数的选择,以及流形正则化极限学习机隐层节点选择的问题,提出将贝叶斯优化算法(BOA)融入到流形正则化极限学习机中以优化流形正则化极限学习机(MRELM)。最后,通过实验数据分析,改进流形正则化极限学习机预测方法将预测平均相对误差降低到了1.903%,30次实验的平均相对误差的方差降低到了1.9‰,平均单次运行时间降低到了6.113 s。",0
"针对风力发电系统面临能量输出不稳定、低电压穿越能力弱等问题,提出将氢储能系统安装在双馈风力发电机组变流器中间直流母线处,构建了基于氢储能技术的双馈风力发电系统的基本架构。进一步,利用宏观能量表示法(EMR)建立了基于氢储能技术的双馈风力发电系统的模型,并基于EMR反转规则建立了系统的最大控制框架。在此基础上,基于MATLAB/Simulink搭建了基于氢储能技术的双馈风力发电系统的仿真模型,并进行了仿真验证,结果表明了氢储能系统能够平抑风电输出功率波动及提高系统的低电压穿越能力,同时验证了所建EMR模型的正确性。",1
"以城市交通中的电动汽车充放电网络这一典型的信息物理系统为应用背景,提出移动微网的概念。分析了电动汽车路面无线充放电的移动微网特点,并研究了其典型的体系结构。基于电动汽车无线充放电网络和交通网络特点,建立了移动微网的分析模型。研究了移动微网优化运行的改进差分进化算法,考虑电动汽车行驶中充放电及交通信息,可实现对节点功率正常、紧急及故障情况下的优化控制。仿真结果表明:移动微网正常运行时,通过电动汽车移动电能实现节点间20%以上的功率转移,提高20%左右太阳能消纳量,故障情况下根据电动汽车可用移动储能容量最大限度实现对配网重要负荷的支撑。",0
"为了平滑光伏输出功率,提出一种基于模糊聚类经验模态分解(ensemble empirical mode decomposition,EEMD)的储能系统控制方法。通过对光伏信号的频谱分析,利用EEMD滤波分成高频和低频两部分,光伏低频分量作为光伏并网功率信号,高频信号接入储能系统吸收;使用储能电池荷电状态值、平滑波动率值状态作为约束条件,利用模糊控制算法,自适应在线调整EEMD滤波阶数,通过模糊自适应控控制器,实现了更好平滑光伏波动。对比定阶EEMD光伏功率储能控制策略,仿真实例表明,该方法可以充分使用储能系统平抑光伏功率波动,稳定储能荷电状态。",0
"为促进分布式光伏与配电网协调发展,提高配电网对光伏发电的消纳能力,研究了高光伏渗透率配电网中分布式储能的优化配置方法。从分布式电源投资者的立场出发,并兼顾电网管理者的利益,以储能配置总容量为优化目标值,同时引入电网电压波动改善指标,以配电网运行状态、储能荷电状态、运行状态为约束条件,提出了高光伏渗透率配电网中多点分布式储能系统选址和定容的双层优化方法。并在下层优化模型中同步考虑储能与光伏出力、负荷间时序的配合,制定储能充放电的优化运行策略。最后通过河北承德地区配电网算例验证了所提方法的有效性和可行性,仿真结果表明采用该方法后储能配置容量可以减少85%,同步考虑储能、光伏、负荷的配合后电压改善指标可以提升18%。",0
"为便于不同电压等级的直流负荷接入直流微电网,设计了基于双直流母线构架的直流微电网协调控制策略。双直流母线直流微电网由2电压等级不同的独立直流微电网通过双向DC/DC变换器连接构成。将锂电池超级电容组成的混合储能系统应用于直流子网中,并根据双向变换器两侧子网的电压C功率下垂特性,对两侧电压进行了归一化处理,提出了适用于连接2直流子网的双向DC/DC变换器下垂控制;最后,通过d SPACE验证了系统协调控制策略的可行性。实验结果表明,此控制策略可以根据2直流子网电压大小有效控制子网间的功率传输,实现了整个系统功率的平衡,提高整个系统的运行可靠性。",0
"为了解决常规直流不能单独送风电的问题,分析了风电场孤岛直流外送系统的不稳定性机理,指出风电场不能与高压直流系统配合的原因在于""缺少不平衡功率自动消除机制"",基于此提出一种解决方法,即在送端交流母线处附加VSC装置及其稳定控制策略,使送端电源整体接近电压源外特性并具备不平衡功率消除机制。一方面,VSC为DFIG提供了三相电压旋转矢量,保证DFIG的正常运行;另一方面,反馈VSC电容电压,根据电容电压的变化来反映直流送端系统频率变化,通过频率变化调节直流输送功率从而消除直流送端系统不平衡功率,实现了系统稳定运行的目标。基于所提出方法进行了实时数字仿真器(real time digital simulator,RTDS)的闭环验证,实验结果表明,此方法建立的不平衡功率消除机制,是解决风电场与传统直流单独配合问题的可行方法,且所需VSC装置容量仅为直流传输容量的1%左右。",1
"为了说明不同位置的子群风电场变化同样的参数范围对整个大型风电场的次同步特性的影响程度不同。以华北地区某大型风电场双馈风机串补系统为研究背景,采用3台风机来等效实际中处于不同位置的3个子风电场群,建立了整个系统的线性化模型,利用参与因子确定了系统中的次同步谐振模态。着重比较了各子风电场群中转速、输出功率、风机台数以及线路参数等主导因素变化对整个系统次同步谐振特性的影响。结果表明:离汇流母线电气距越近的子风电场,变化同样的参数范围,对系统的稳定性影响越大。子风电场群中投入的风机数量对于次同步谐振特性的影响与风机的转速有关,呈非线性关系。各个子风电场群与汇流变电站之间的输电线路阻抗增大时,系统的稳定性增强,系统的谐振频率增大。",1
"永磁操动机构励磁回路是影响其合闸特性的关键结构。为此对其工作原理和经典数学模型进行分析,针对经典模型中涉及的励磁回路主要变量,基于二次回归正交试验建立数学模型,研究回路中储能电容容量、初始电压及励磁线圈匝数等参数对机构合闸特性的影响,并在此基础上定义了励磁回路综合评价系数,利用该系数对机构进行优化设计。优化结果显示:优化后机构平均合闸速度提升的同时大大降低了储能电容容量,综合优化率达到61%,使得励磁回路参数配置合理化,机构执行能力高效化。真空断路器永磁操动机构励磁回路的优化设计通过了仿真试验验证,为机构开发及结构优化提供了技术支持。",0
"基于蓄电池的储能系统中采用多个电池串联,由于蓄电池单体的特性差异导致储能系统充放电过程中某些电池电压过高或过低,缩短了系统寿命,降低了可靠性。为此,提出了一种适用于大规模蓄电池单体均压的模块化拓扑结构,分析了其开关状态和等效电路模型,得出了能量转移规律和模型,建立了均压电路的控制策略,仿真和实验结果表明,所提出的均压电路工作正确,可以实现多个蓄电池单体的串联均压,且扩展性好,控制简单,具有较好应用前景。",0
"针对适用于任意用户的小型直流微电网,在分析其组成结构及发电单元输出特性的基础上,提出一种改进分级控制策略。该控制策略分为3级:第3级为上级电网提供调度接口;第2级通过设计电压等级确定微源的优先级,不使用通信线路仅通过采集本地信息完成对微源的调度,实现再生能源的优先发电和自主均流,并通过改变储能装置的下垂系数提升直流微电网离并网切换时的瞬态特性;第1级实现各变换器的底层控制。仿真和实验结果表明该控制策略能够根据母线电压变化实现直流微电网的自主控制。",0
"随着风电接入容量的持续增长,风力发电的间歇性和波动性对电网造成的影响越来越明显,因此风电功率预测方法的研究得到了广泛的关注。准确的风电功率预测可以给电网调度、机组组合操作、风电场运营维护等提供必要的依据。从3个方面对目前的风电功率预测方法和进展进行介绍。首先,介绍了两种确定性预测方法:仅使用历史数据的统计学习方法和使用了NWP(numerical weather prediction)数据的物理模型。其次,介绍了用于提供预测结果不确定度的概率性预测方法。最后,由于风电爬坡事件会对电网造成较大的影响,还介绍了目前风电爬坡事件预测方法的研究和进展。对现有的风电功率预测方法介绍后,提出了目前风电功率预测模型遇到的一些问题以及需要进行深入研究的方向。",1
"为了确保模块化脉冲功率电源中的充电电源在脉冲成形网络(PFN)大电流放电时能正常工作,必须对充电电源的控制电路、检测电路等受到的辐射干扰及其抑制措施进行分析和研究。通过有限元数值分析软件Ansoft Maxwell对集成了充电电源、储能电容和脉冲成形网络的模块化脉冲功率电源进行了3维实体建模和电磁场仿真研究。结果表明:材质电导率和磁导率越大,机壳屏蔽效能(SE)越好;当机壳上开孔为圆阵孔时,屏蔽效能优于其他等面积的孔的屏蔽效能;当机壳厚度接近趋肤深度时,屏蔽效能变化较小;当机壳内印刷电路板(PCB)平行于调波电抗时,受到干扰最小。",0
"以SF_6或SF_6/N_2混合气体为绝缘介质的GIS/GIL具有大容量、高可靠性和环境友好等特点,特别是在特高压输电及离岸大规模风电输送领域具有巨大应用前景,而GIS/GIL中存在的金属微粒污染问题是提高设备绝缘强度研究中的关键技术难题。首先介绍了GIS/GIL中金属微粒的带电及受力机理研究;然后分析归纳了交流、直流、冲击等不同电压类型与微粒的运动特性和设备绝缘劣化之间的关系和规律;并进一步,对比分析了GIS/GIL中由金属微粒污染引起的典型绝缘故障,即运动微粒引起的气隙击穿和附着绝缘子表面的微粒引起的沿面闪络;此外总结概述了目前主要的微粒抑制措施及其作用机理;最后指出现有GIS/GIL中微粒污染问题研究存在的不足和可能的解决途径。",1
"为了测试新型高功率速调管,开展了高功率连续波脉冲步迹调制(PSM)高压电源的研制工作。介绍了电源系统的主要指标和工作原理,对电源核心部件多绕组变压器进行了建模仿真并对其分布电容储能情况进行了分析,阐述了PSM模块的设计方法和电源控制系统及其控制策略等关键技术问题。描述了速调管快速保护电路的设计和功能,结合熔丝短路试验对保护效果进行了评估。在额定负载条件下,测试了电源输出特性并给出了有关波形,电源输出达到75 k V/20 A,电压纹波<1%,打火保护速度<10μs。试验证明该电源设计合理可靠、运行稳定,可以用于速调管测试。",0
"为了揭示水工质脉冲等离子体推力器(WPPT)的工作特性,探究WPPT运行过程中的能量分布及性能影响机制,提出了一种新的性能仿真模型。该模型能够定量化地描述WPPT放电等离子体的产生及其电磁和气动耦合加速效应,简单且快速有效地评估电推力器的宏观性能。以东京大学的实验样机为对象进行模型验证和仿真研究。结果表明:计算所获得的元冲量、比冲等性能参数与实验数据较符合;脉冲消耗工质中约20%被离子化和加速排出;该推力器的电容储能(E_0=13.5 J)转换成加速动能的能量转换效率约为40%,其中仅14%用于电磁加速。最后基于此模型分析不同推力器电参数和推力室构型参数对性能的影响,研究结果对推力器的设计具有重要意义。",0
"等离子体温度是电弧放电过程中的重要参数,控制等离子体温度能够有效的控制等离子体化学反应过程。为此,在研制电感储能和电容储能2种脉冲电源的基础上,测定了在不同放电频率、电容电压和储能电容条件下的脉冲电弧放电等离子体发射光谱,并计算了对应条件下的温度。结果显示:电弧放电等离子体温度可以通过改变电感储能电源中的放电频率和电容储能电路中的电压和电容值控制,其线性关系良好,相关系数分别为0.946、0.974和0.979。",0
"为了改善2 MW二极管中点箝位式双三电平变流器直驱式永磁同步风力机组(PMSG)的低电压穿越(LVRT)性能,提出了新的稳态时单位功率因数控制、电网暂态故障时无功优先、有功受限复合控制策略。采用定量模拟的方法,对电网电压深度跌落时采用卸荷电路和改进控制策略实现风电机组低电压穿越进行了仿真研究。结合现场运行数据对内蒙古某风场永磁直驱式风电机组主要参数进行了数据处理和分析,并依据最新的风电场接入电力系统技术规定标准对该机组进行了低电压穿越现场测试。结果表明,卸荷电路和改进无功优先控制方式均可实现直驱式风电系统的低电压穿越运行,有功、无功的动态解耦和直流母线电压稳定控制,向电网发出友好型清洁电能。后者可向电网提供360 k VA的稳定无功支持,更有利于辅助电网电压的恢复和提升机组的低电压穿越能力。",1
"为解决交流电网不平衡和畸变情况下的VSC-HVDC交直流双侧电能质量恶化问题,提出单正序同步旋转(dq)坐标系下的正负序电流独立控制方案以改善VSC的电能质量。通过令瞬时有功功率波动为零获得了网侧电流正负序分量参考值的表达式,并根据逆模型原理获得了单正序dq坐标系下的交流负序电流的参考值。进一步为实现在单dq坐标系下对直流正序电流、交流负序电流的闭环控制,并有效抑制电网谐波的影响,分别提出3种单正序dq坐标系下的网侧电流闭环控制策略并进行了详细的仿真验证和对比分析。相应的结果表明,所提出的3种电流闭环控制策略均实现了正负序电流分量的无静差控制和交流电网谐波抑制,在交流电网存在不平衡和谐波的条件下,网侧电流总谐波畸变率均满足相应的并网标准,而二次直流电压波动同样得到了有效抑制。",0
"现有传统混合高压直流(HVDC)存在3个关键问题:直流侧故障的自清除问题、电压源型换流器(VSC)输送容量难以与电网换相型换流器(LCC)相媲拟、整流侧交流故障引起的直流低电压穿越问题。为此,提出了一种新型的LCC-C-MMC混合高压直流方案,逆变侧由C-MMC改进型拓扑串并联组合构成。研究了混合直流稳态运行控制特性,分析了整流侧故障引起输送功率中断的原因。提出了带投旁通的后备定电压控制策略,分析了投旁通对过程中系统的等值电路和桥臂充电特性。通过PSCAD/EMTDC电磁暂态仿真验证了所提控制策略的可行性。仿真结果表明:引入的3次谐波注入调制和无功功率动态调整策略扩展了系统的稳态和暂态调节范围,使得系统在交流电压跌落10%时运行特性良好;当故障严重时(如测试算例中交流电压跌落50%),旁通对快速旁路高位端的换流单元使系统进入半压运行模式,剩余健全的换流单元可维持功率的持续输送;投旁通对过程中,箝位二极管所串联的电阻可以有效抑制充电电流,减少处于闭锁状态的桥臂电容的上升幅值。",0
"为了降低MMC交流系统不对称时控制系统结构以及提高换流器运行性能,提出了MMC无锁相环控制策略。为实现该控制,首先分析αβ坐标系下交流电网不平衡情况时的有功功率和无功功率成分。其次,以复数滤波器提取电网电压中的基波正负序分量为基础,提出了一种具有控制系统简单,稳定性强的MMC-HVDC无锁相环控制策略。再次,将复数滤波器推广至通用情况,并指出其使用条件;同时,以提取误差小于1%和谐波抑制程度小于20%为指标,推导了阻尼系数的选取范围。最后,建立了MMC-HVDC在单相接地短路故障和频率偏移±0.5Hz情况下的无锁相环仿真模型,仿真结果表明所提策略能够在电网电压畸变率为3.6%时也能将电流畸变率抑制在0.5%以下。",0
"在静止无功补偿器的直流侧并联蓄电池储能系统,可以解决微电网中因可再生能源发电波动性引起的供电质量降低的问题,当静止同步补偿器直流侧并联多个蓄电池储能系统时,为了均衡直流侧各个蓄电池储能系统的功率,提出了一种基于改进比例控制的直流侧功率动态分配方法。该方法以各个储能单元的荷电状态平均数为控制目标,对各个储能单元实时的So C采用一种可变比例系数控制,其控制量决定各个储能单元功率分配,可以实现So C较高的模块在放电时输出较多功率。同时So C较低的模块在充电时吸收较多功率,还可以在系统只输出无功功率时实现So C较高的模块给So C较低的模块充电。结果表明:在动态功率均衡控制中通过在线改变比例系数,可以有效地提高模块的利用率,快速完成模块之间的功率均衡。最后,仿真和实验结果验证了所提控制方法的正确性。",0
"在大型电弧炉的补偿应用中,为了应对电网电压不对称的应用条件,提出一种35 k V直挂式角接链式STATCOM网侧电流闭环综合补偿控制策略。该策略将经典电纳平衡补偿和网侧电流闭环控制相结合,使得链式STATCOM装置可以在电网电压不对称条件下对电弧炉负载进行无功、谐波和负序的综合补偿。经35 k V/±40 MVA STATCOM装置实际运行,结果表明:STATCOM装置能够在保持快速的动态响应的同时,实现良好的稳态补偿效果,并能抵御电网电压不平衡造成的影响。",0
"为了解决传统模块化多电平变流器(MMC)控制器参数过多,参数整定复杂且对控制参数敏感,以及已有MMC模型预测控制(MPC)方法计算量过大、实用性不强等问题,提出一种新型MMC模型预测控制方法,通过建立相应代价函数对MMC相电流、桥臂环流和子模块电压进行分层控制,从而大幅度减少计算量。对相电流模型预测控制的误差进行理论分析并提出补偿措施,提高了相电流控制精度。在Matlab/Simulink平台搭建了11电平MMC仿真系统进行仿真验证。结果表明,新型MMC模型预测控制方法单次运算耗时仅为已有模型预测控制方法的0.24%,相电流误差得到有效校正补偿,功率响应时间短且无超调,验证了新型MMC模型预测控制方法具有计算量低、动态响应快、稳态精度高的特性。",0
"针对静止式中频电源组网系统的难点,在理论分析中频组网系统下垂控制的基础上,对传统无互联线下垂控制加以改进。在考虑组网连线阻抗影响、非线性负载影响及组网单元相位同步的基础上,提出了基于下垂特性的开关信号及接收相位双同步组网控制策略,该方法通过引入带高通滤波器的虚拟阻抗对输出阻抗进行设计,消除了连线阻抗及非线性负载对均流效果的影响;同时,组网单元通过CAN总线共享同步相位,采用固有延时补偿实现开关信号的同步,并对接收相位进行实时及过零点补偿,消除延时影响和过零点电压畸变,实验结果中输出电压总谐波含量为2.28%,环流峰值小于5 A,证明了该控制算法良好的环流抑制效果。",0
"为研究并网光伏电源对振荡中心分布的影响,基于PSD-BPA机电暂态仿真软件搭建的简单模型以及软件中已实现的基于视在阻抗轨迹的振荡中心定位工具,对光伏出力的增加、出力增加方式的改变、故障时光伏电源是否脱网三种情况进行仿真分析,结果表明:在电网故障条件下,光伏电源不脱网时,光伏电源出力的增加会使失步中心向着光伏电源出力增加的方向迁移,且可能会引发新的失步振荡;部分光伏电源脱网时,一定程度上可改善系统的稳定性,但大规模光伏电源脱网可能导致频率失稳问题。该研究成果对含有大容量光伏电源接入电网的安全稳定运行等提供了参考。",0
